Page,Date,Section,Caption / subject,Original filename,Likely trip leg,Context before,Context after,Already recovered
Updating Format,2006-05-17,,Version 2,Ollie.jpg,Lee Welding (near),Wednesday 17th May 2006 - Updating the Format,"Upon creating the initial skeleton of the website yesterday, today I decided that it needed some formatting and design added to the basic shell. Although I had a bit of a hunt around for some kits, I decided in the end t",yes
Escaping The Prinson Bars,2006-08-07,,Prison Bars,SunSet-763295.jpg,Lee Welding (near),,"Where Are We Going? 
 
Well it's been a while since an update (thanks for all the reminders everyone!) I blame the hot weather and return to alcohol :) 
 
We now have the basics up and running, and it would appear that w",
This Ones For Jimla,2006-09-10,,Dino in the Ferrys Gut,LandyonFerry-770419.jpg,Lee Welding (near),,"Dino's Ireland Test 
 
 Well again its been a few weeks since our last entry, but we have been busy. We have just returned from Dino's first visit to foreign parts; Ireland. We had a great week over there, starting off w",
This Ones For Jimla,2006-09-10,,Jackos Napper,Baldmasnapper1-710560.jpg,Lee Welding (near),"ly 40 done so far, but they should all be there by the end of the week. Then we can go back to our route planning. We have a couple of photos to add to the collection and they should make it onto the site this week also.","Bald Man's Napper 
 
 Our friend Jimla challenged us, on the message board, to get a photo of us kissing a bald mans napper in each county that we visited, and as you can see from the photo above we have started with a v",
And Now The Hard Work Begins,2006-09-24,,Runners,B_and_l_Ol_NF_HMarathon-798790.jpg,Lee Welding (near),,"Big and Little Ols Celebrate! 
 
Well it's been another week of putting one foot in front of another to progress to our overall goal, quite literally. Pictured to the side is me and Olive (the bride mentioned in the prev",
Road To Recovery Sydney,2006-10-12,,Recovery,Gall_stone-774874.jpg,Lee Welding (near),,"Operation Success 
 
 (Who is that crazy fool?) 
 
 To those of you anxious to know how Ollie's operation went, it was a total success. He is now recovering by eating banoffee pie and injecting lard straight into his vei",
Crumpled,2006-11-05,,Corsa No More,broken_car-707284.JPG,Lee Welding (near),,"Oops ... 
 
 Just a quick update to say we didn't do our 4x4 driving course this weekend as an unnamed member of JollyFollies had a little prang in our car on the way home from work on Friday night. 
 Everyone involved (",
Running Repairs,2006-11-02,,Tent repairs,landy2.jpg,Lee Welding (near),,"Repairs I 
 
After our Ireland test we discovered that our rooftent leaked under pressure from heavy rain and high winds. This was caused by the flysheet being blown onto the canvas and wicking the rain water onto the ca",
Running Repairs,2006-11-02,,Front view,frontview.jpg,Lee Welding (near),t. This is a handy addition to any rooftent repair kit which we first used to fix the canvas canoe that some clut put their foot through (only difference was at least he wasn't reciting the Russia alphabet at the time) .,"Front View of the Fix 
 
On the second picture you can see one of the horizontal bars that we have positioned. These two bars mimic what the central bar does.
 
 We have string running between all 3 bars which also helps",
Running Repairs,2006-11-02,,Puncture Repairs,Puncture_repair.jpg,Lee Welding (near),"ts stuck in the correct position, after that it was fairly simple. 
 We have yet to test this out in extreme weather, but it certainly helps. Once it it tested we will go about making the changes a little more permanent.","Repairs II 
 
 The second repairs we have been making is a bit more straight forward. The PVC that covers our rooftent has recently been found to be fairly threadbare. 
 In fact we can see where plenty of repairs have al",
Merry Hic Christmas Everyone,2006-06-30,,Runners,grim8_crew-785970.jpg,Lee Welding (near),,"Grim 8 and More 
 
 Well it's been a month since our last blog, so firstly apologies for the delay. It's been a busy time in the run up to Christmas, but both of us are now safely off work and enjoying our break. 
 
 The",
Happy Sober New Year,2007-01-15,,2,kellyandpotje-720643.jpg,Lee Welding (near),"ng, baking, frying and er boiling. And it the same colour scheme as Jenny's hat and broomstick. 
 
 In the first picture you can see the potje in the background and the Kelly Kettle (or volcano kettle) in the foreground.","Lets Off Road! 
 On Ollie's birthday we both took ourselves off to Bristol to learn to off road, with Bristol Off Road . We had both been a bit nervous regarding this aspect of our trip, but a day in expert hands has cer",
Happy Sober New Year,2007-01-15,,1,dinoinbristol-744547.jpg,Lee Welding (near),"e both dog tired, but feeling really positive about taking Dino anywhere in the world. Our next task is to go off with our Land Rover club in about two weeks, and then start exploring some of the local green lanes to us.","Mechanical Animal - Blood transfusion for Dino 
 We are about to embark on week 4 of our mechanics course at Eastleigh College. This has been great fun, and we've already learnt how to change Dino's oil and check his bre",
Dinos Got Big Nuts,2007-02-18,,Jenny Oil,Oily_jenny-753734.png,Lee Welding (near),,"Ups and Downs for Dino 
 
Well it's been a bit of a funny month for Dino. We've had to replace a battery and a tyre, and had lots of problems getting the puncture fixed for the bad tyre. It all started at the weekly mech",
Dinos Got Big Nuts,2007-02-18,,Dog Guard,dogguard-705455.png,Lee Welding (near),"put a fantastic window in our dog guard. This should mean we can leave it up all the time, and still access our gear in the back. This only cost us the price of a pizza! Definitely the start of a beautiful relationship.","Jenny, would you rather visit a nuclear testing area, a Russian civil war or 1000 miles of frozen wasteland? 
 
 This is our latest part of our trip that we are deliberating. On our mechanics course, as well as the girl",
Shire Land Rover Clubs Rocks,2007-03-19,,Landies Everywhere,dino_and_friends-776972.jpg,Lee Welding (near),,"....and mud and trees and water and grass 
 
 Oh yes we've been off roading. For real. And it is great! Although the weekend had been mostly talked about for the return of Arctic conditions to Britain for the first time",
Shire Land Rover Clubs Rocks,2007-03-19,,Wading Plugs,wading_plugs-723293.jpg,Lee Welding (near),to the site. We were joined by John and Chris a nice couple in a beautiful 90 and we set of for what we thought would be a gentle pootle around the site. After two puddles/lakes we remembered to put our wading plugs in!,"Although I'm sure that most of the people who were at the site would have laughed at our timidness, the level that Dave took us to was just right. Challenging enough to make us gulp and squeal at the same time, but so ba",
3000 Thank You,2007-05-28,,Ollie and Di,Ollie_and_Di-755041.jpg,Lee Welding (near),Ollie and Di,"Hello everyone. Before we start, we need to apologize for the delay in getting this update to the blog out, we seem to have discovered the joys of alcohol and friends again, and motivation to sit inside writing the blog",
3000 Thank You,2007-05-28,,118s Bad Brother,118ollie-732214.jpg,Lee Welding (near),"her you would want to do it, then, in the words of Nike, GO FOR IT :) The atmosphere is incredible, with the crowd shouting each runners name as if they have a personal relationship with every entrant. 
 118s Bad Brother","Ollie's preparation for the marathon also involved running the Reading half marathon, and this would not normally be noted here, except for the fact that thanks to Ollie's friend Maz, he ended up running it with a stinki",
3000 Thank You,2007-05-28,,Jennys Domain,new_speakers-785109.jpg,Lee Welding (near),"king and also getting new speakers installed. Although traditional sexism would dictate that this is Ollie's domain, in reality this is where Jenny rules the roost, as you can see by the photo below. 
 
 
 Jenny's Domain","Next on the never-ending list was to take Dino in to get the troublesome timing belt changed, but within 30 seconds of being on the main road Ollie noticed a total loss of drive and a sickening juddering. Jenny jumped ou",
3000 Thank You,2007-05-28,,Broken Dino,aa_dino-704925.jpg,Lee Welding (near),"ssey and Bella's wedding, which also gives us the perfect opportunity for a shake down trip. We hope to spend just short of 3 weeks testing him out, but we will also be sure to get some European AA cover :) 
 No UJ No Go","More Shire Club Shenanigans 
 One final update was a trip to Bunny Lane with The Shire LRC, for some more testing of our off road skills. Just like Seven Sisters, we realised that most people at these events are quite ha",
Shower Power,2007-06-10,,Mounted Sand Ladders,sandladders-708344.jpg,Lee Welding (near),Dino to Foley's,"We finally managed to take Dino into Foley's , the most highly recommended Land Rover garage in the UK. We had sort of avoided taking him in as the journey was over two hours for us, meaning to take him in and bring him",
Shower Power,2007-06-10,,Vik and Nik,savanna-737648.jpg,Lee Welding (near),"batteries in 
 Hasps on front doors 
 More checkered plating on roof 
 Sand ladders attached to side of the vehicle 
 New front prop, yoke and UJ 
 2 nd hand brake from 300 tdi 
 2 nd hand spare tyre 
 
 Internet Buddies",One of the reasons we are able to do this trip is that if you have time and the inclination you can find whatever information you need on the Internet. On top of this you can communicate with people who are doing or plan,
Shower Power,2007-06-10,,Kozlo,koz-798273.gif,Lee Welding (near),"us plans and trips. One of the best websites out there for information is Nessies Adventures and we've had lots of great tips directly from the monsters mouth, so a big thank you to Rose and Dave. 
 
 Website Development","Finally Ollie has got off his big bum and made some changes to the website. He has added a Sponsors link, now that we actually have one :) Our very good friend Ian has agreed to design our logo, and his company, Decor Br",
Two Weddings And A Stag Do,2007-07-15,,Bride Groom and Son,mandl-770830.jpg,Lee Welding (near),"we have spent the last two weeks going firstly to a Wedding in Carlisle, and then traveling back down to Southampton, picking up Dino and then getting the ferry from Portsmouth to Le Havre, and then onwards to Portugal.","The Happy Couple V1 - Matt and Leigh 
 
 
 
 So we started off by traveling up to Carlisle on a Friday afternoon, in terrible driving conditions. Not much fun, but we made it. At this point we were driving the Fiesta, ra",
Two Weddings And A Stag Do,2007-07-15,,Masked Bridges,amasks-728021.jpg,Lee Welding (near),"d theme tune wearing a Gold Jacket and top hat. The evening had everything, including Masks for everyone to wear in the evening. So, thanks to Matt and Leigh for a great time and wishing you both the best for the future.","Off to the Continent 
 
 
 So, after retiring slightly early from the wedding celebrations we drove back to Southampton, aiming for our overnight ferry to Le Havre. Catching the ferry was a pure delight, not only was the",
Two Weddings And A Stag Do,2007-07-15,,Poolside Lovelies,eandj-759938.jpg,Lee Welding (near),"o could fly over a valley. This left us a bit stuck, but luckily for us we were only a few miles from our destination and we were soon joined by Julia and Catherine, also lost. Within minutes we were at our luxury villa.","One Week of Luxury 
 
 
 So we arrived on Tuesday night, with the wedding on Saturday. Plenty of time to take advantage of the pool, tennis courts and pool table. Slowly the others who we staying at the villa arrived. Th",
Two Weddings And A Stag Do,2007-07-15,,Another happy couple,bandm-771257.jpg,Lee Welding (near),"he male anatomy...eurgh! 
 
 
 Saturday was the day of the wedding. this time round it was Massey and Bella. Bella is half Portuguese and half Indian, and made a stunning bride. Massey was just about sober by this point.","The Happy Couple V2 - Massey and Bella 
 
 
 The wedding was a spectacular affair, the church having a romance to it that no church in the UK could have. The service was in both Portuguese and English, given by a priest",
Two Weddings And A Stag Do,2007-07-15,,3,ajdin-734887.jpg,Lee Welding (near),"r hectic days surrounding the wedding. The campsite we found was ideal, virtually empty when we arrived, with all the basic amenities that are needed to make you comfortable, but not too much to make it feel like home :)","Entre Ambos-Os-Rios Campsite 
 
 
 For anyone who may follow us here there is a very pleasant 7km walk, that leaves from the nearby church and takes in the beautiful river valley - but be warned that the route seems to b",
Two Weddings And A Stag Do,2007-07-15,,Campsite,adord-772831.jpg,Lee Welding (near),"gined, large and sprawling, but not too unpleasant. We spent the night there, then a very pleasant couple of hours on the beach before heading on for our favorite camping find, Camping La Riviere Fleurie in the Dordogne.","This campsite is set in a small hamlet by the Dordogne, and although it has plenty of facilities including a pool, feels remote and quiet. We arrived on the Friday evening, and on Saturday there was a traditional market",
Two Weddings And A Stag Do,2007-07-15,,Out of Fuel,afuel-741629.jpg,Lee Welding (near),"sel, whist Jenny looked after Dino. No harm done, and Dino started with a splutter and carried on. 
 
 For all the Overlanders reading this, we will update the blog with a lessons learnt summary, perhaps later this week.",,
John O Groats To Lands End Charity,2007-09-09,,Map,First-Training-Run-753852.gif,Jogle 2008,,"Charity Time 
 
 Although Project JollyFollies has been moving forward in many directions, very little progress to the charity arm has been made since the London Marathon. The main reason for this is that Jenny and Ollie",
Vehicle Guide,2007-10-07,,Oily Ollie,Oilly-791836.jpg,Lee Welding (near),"ent a weekend with Toby, his wife Wendy, their young baby Lewis and their absolute crazy dog Havoc. 
 
 Below you can see Ollie just after the oil change. Funnily enough Jenny found the nut just to tight for her to undo!","So, after the first day of learning all about the 12k mile service Toby took us all out to his local off road course. We went in Dino, Toby in his 1968 Unimog and Wendy followed in their pink land rover. And boy did we h",
Vehicle Guide,2007-10-07,,Jenny Unimog,jenny_unimog-755586.jpg,Lee Welding (near),"It didn't take long for Dino to get stuck in some mud, but with a quick tow we were out. We then spent an hour or so taking Dino gently around the course before we had lunch. After lunch it was a different story though.",Toby gave both Ollie and Jenny a lesson on how to take the Unimog around the course. After Ollie's second go a red fog came in front of his eyes and Jenny refused to get in Dino with him. Before you could say 'I told you,
Vehicle Guide,2007-10-07,,Oops,ditch-792242.jpg,Lee Welding (near),"ops! It took about an hour, and all of Toby's experience to get Dino safely out of the ditch. This was a great lesson for the Jolly pair, although Ollie didn't look quite so Jolly whilst all the talk was of Dino rolling.","Peddars Way 
 
 
 After leaving our generous hosts O&J set of for nearby Stratford to catch some Shakespeare, which was excellent. And then it was on to the Peddars Way, and old 100 mile long Roman road in Norfolk. We we",
Yani Puni Mayo,2007-11-18,,Class,classroom-739463.jpg,Lee Welding (near),"Russian Lessons 
 
 Our classroom buddies","Well we are now six whole weeks into our Russian lessons, and finally they are feeling less like slow torture and more like fun! It has been a real experience to throw ourselves into learning Russian, and the first few w",
Yani Puni Mayo,2007-11-18,,Teacher,Olga-749899.jpg,Lee Welding (near),"egins in February. 
 
 The other advantage of the course being at the University is we now both have student unions cards, which give us lots of discounts, including a years gym membership for £85! 
 
 Our teacher - Olga","Website Improvements 
 
 It has taken quite a while, but finally Ollie has updated the Route section of the website so there are now interactive Google maps on each country page. Once again Google Analytics had highlight",
Merry Christmas Happy New Year Sorry For The Delay,2008-01-24,,Jenny and Julia before the Grim 8,jenandjul.jpg,Lee Welding (near),,"Quick Update 
 
Well it's been a long old time since we made a blog update, so firstly apologies for not keeping this up to date. Hopefully from here we will be back on track. When we last posted Ollie was hobbling along",
Merry Christmas Happy New Year Sorry For The Delay,2008-01-24,,Jenny in New Forest,jennysitting.jpg,Lee Welding (near),"ry nights sleep, as well general lazing around. They are also mozzie proof, which will be a huge relief for Jenny, who could attract a mosquito at gin and tonic convention held on the Winter's Solstice at the North Pole.","Here Jennifer shows how a lady would enjoy a hammock in the new forest. 
 The pictures of Ollie in the hammock have been censored on the grounds of taste and decency 
 
 
 
   
 
 
 
 In a similar vein, we also picked up",
Merry Christmas Happy New Year Sorry For The Delay,2008-01-24,,River Test,canoe2.jpg,Lee Welding (near),"e us appear to be proper adventurers. 
 
 Ha ha, little will people know! The canoe has been tried out locally on the Test, and once O&J figure out left and right, will make a great addition to the Jollyfollies kit list.","Our final major new piece of kit was a leaving present to Ollie from his work, where he had been working for six years. Ollie's original plan had been to stay in his nice comfortable chair until Jolllyfollies set sail in",
Bread Of Heaven,2008-03-21,,Bread of Heaven,bread_of_heaven.jpg,Lee Welding (near),,"Ready Steady Cook 
 
So, with just over a year to go before the off we are starting to step up our preparation. We have always said that we would feel the trip was real when the countdown got to less than a year. Because",
Bread Of Heaven,2008-03-21,,3 Wise Persons,3wisemen.jpg,Lee Welding (near),"e of Jenny and Vicky's Beer Bread. This is Vicky of Langebaan Sunset fame, who was over visiting with her fella Nick and Dassie their Landie. 
 
 
 
 Ollie, Dino, Nick, Dassie and Vicky after some very junior greenlaning","So, anyway, back to the cooking! The main thing we wanted to figure out was some simple bread, which we could cook without having to plug our brains in after a long days drive. We firstly followed some threads on The HUB",
Bread Of Heaven,2008-03-21,,Shit Shovel,spade.jpg,Lee Welding (near),"made for it by Land Rover. 
Much more exciting to the Folliers was the mounting of the spade on Dino's bonnet. Now going for a freestyle poo in the woods will be helped by the easy access of the disposal tool, the spade.","We now only have one more major visit to Foley's, to get our suspension checked out, and also,most probably a new fuel diesel tank. In the mean time we will be finishing off the interior design, such as adding some addit",
Joggling The Route,2008-06-29,,Bread of Heaven,bike.jpg,Car Boot Sale - Marchwood,"long as we feel like/can handle before shipping Dino to Thailand, or even possibly Australia. The plan is to drive as far as we are happy, ideally the whole way - but who knows how we will be feeling by India. 
 
 Joggle","So, the next Folly in our calendar is the John O'Groats - Land's End cycle ride/Dino drive. This will be our final charity event before we set off and Ollie is over a month into his training proper, leaving two more mont",
Happy Christmas 2008,,,christmas tree 1,christmas_tree_1.jpg,,Mistletoe and Wine (Snogging 'n' Booze),"Me and Jenny love Christmas, but this year it's extra special. We have said for nearly 3 years now that once Christmas of the final year ticks round we would have to start getting our bums in gear. Well it's almost here",
Happy Christmas 2008,,,Bear in Romania,Bear_in_Romania.jpg,,"groove of off road training. Also we are attending a British Red Cross training day, which should allow Jenny to save my life should I have an off vodka. Well that's what I hope anyhow. 
 
 Exciting Things To Do and See","Even at this late stage in our preparation we are still changing our minds about our route and what attractions we will visit. For me it is usually a sporting event that takes my fancy, but for Jenny it is normally some",
Camping In Colditz,2009-04-16,,Party,P1000239.JPG,Cornwall - Colditz,"was caused by a bit of stray crackling! After the day party, there was the brilliant night party, at Ollie's dad's, where those with hair left let it down a little before warming up their hands with a nice cup of cocoa.","Before moving onto the rest of our trip we must say a few thank you's to all the people who helped us over the past few weeks, without doubt we would have either cracked up or given up without them. In no particular orde",
Camping In Colditz,2009-04-16,,"Geth, Dreads & HOG",3233_72424425935_711525935_2153302_6249808_n.jpg,Cornwall - Colditz,"was caused by a bit of stray crackling! After the day party, there was the brilliant night party, at Ollie's dad's, where those with hair left let it down a little before warming up their hands with a nice cup of cocoa.","Before moving onto the rest of our trip we must say a few thank you's to all the people who helped us over the past few weeks, without doubt we would have either cracked up or given up without them. In no particular orde",
Camping In Colditz,2009-04-16,,Lands End,P1000247.JPG,Cornwall - Colditz,"nd so had only invited family along for the tearful goodbyes. Ollie's mum and Jenny's parents helped ensure that we were both very emotional on driving away, although Ollie expressed this emotion by eating a giant pasty!","We had driven only as far as Penzance when Mark, a fellow overlander, drove past photographing us as we left Ollie's well marked territory, so hopefully we will soon be putting up an action shot! The rest of the journey",yes
Camping In Colditz,2009-04-16,,Wild camp,P1000252.JPG,Cornwall - Colditz,"p, and so he would happily let us use his key to enter the gated grounds, and could also convince a cleaner to get us a shower token or two. Then in the morning we could leave and 'pay if we wanted'. Our first wild camp!","We quickly took up his offer and headed up to the the camping field, where we were the only ones present, and hence took the prime position next to the running water. We then spent the day and the next morning doing chor",yes
Camping In Colditz,2009-04-16,,Germans,P1000266.JPG,Cornwall - Colditz,"night being carefully watched by this pair, and this continued the next day. We managed a form of communication with them, and by the time we left they had drawn us two pictures of Dino and one of a British fighter jet!",<< Previous Blog         Next Blog >>,yes
Fame At Last,2009-04-25,,Party,oj2.jpg,Krakow to Zakopane,"ery self respecting Cornishman devours from cover to cover. Jenny was also pleased to be included, although she does not quite understand the implications of being part of a 'St Just couple'. One day she will understand.","(Click photo to see readable larger print) 
 This though was only our first piece of fame, not only did we appear in the Cornishman, but we were also photographed (papped) as we were leaving Cornwall, and Mark was good e",
Fame At Last,2009-04-25,,Lands End,leaving_cornwall.jpg,Krakow to Zakopane,"y did we appear in the Cornishman, but we were also photographed (papped) as we were leaving Cornwall, and Mark was good enough to send us the photo, which you can see below. This really is the start of world domination.",<< Previous Blog         Next Blog >>,
Poland,2009-04-17,,Party,Dan Lucyna.JPG,Krakow to Zakopane,"& Lucyna. Firstly, a HUGE thanks to these two lovely people for letting us turn their front room into a bomb site and keeping us topped up with wine, food and culture! It really was a very welcome sofa and warm bathroom!","Dan and Lucyna showed us around the sites of Wroclaw (apparently pronounced ""vrotswav"" but I don't believe it meself!). including the river, the ""Rynek"" (town square) and up to the top of the cathedral for a panoramic vi",
Poland,2009-04-17,,Gnomes,gnomes.JPG,Krakow to Zakopane,"the river, the ""Rynek"" (town square) and up to the top of the cathedral for a panoramic view of the city. Also guiding us were the local gnomes that were placed at strategic and sometimes very odd places on the streets..","Krakow 
 After Wroclaw we headed south to Krakow where we found a great campsite just a couple of ks from the city centre. We were right next to a public park so, as usual, we drew some fairly incredulous looks as we set",
Poland,2009-04-17,,Wroclaw Town Hall,Wroclaw Town Hall.JPG,Krakow to Zakopane,"the river, the ""Rynek"" (town square) and up to the top of the cathedral for a panoramic view of the city. Also guiding us were the local gnomes that were placed at strategic and sometimes very odd places on the streets..","Krakow 
 After Wroclaw we headed south to Krakow where we found a great campsite just a couple of ks from the city centre. We were right next to a public park so, as usual, we drew some fairly incredulous looks as we set",
Poland,2009-04-17,,Castle,Krakow Castle.JPG,Krakow to Zakopane,at things settled down! The first day we spent wandering around the city and the castle and had a bite to eat in the Jewish quarter...it was a lovely sunny day and we both got sunburned - Ollie more than Jenny of course!,"The next day we went to Auschwitz for a bit more of a sombre tour but it was closed to the general public as there was a march taking place... much as we wanted to get in, neither of us could muster any lines from the To",
Poland,2009-04-17,,March for Life,Auschvitz.JPG,Krakow to Zakopane,"us could muster any lines from the Torah and so found ourselves catching the next bus home. All credit to our fellow passenger, Tomasz, who managed to wrangle an entry wrist band within 10 minutes of getting of the bus!","We continued with a trip to the salt mines just outside Krakow. Again, we caught a local bus to the mines but we had to sign up for an official tour as they don't let individuals into the mine. This place is amazing. The",
Poland,2009-04-17,,Salt Mine Cathedral,Salt Mine.JPG,Krakow to Zakopane,"This place is amazing. There are several chapels, statues and a huge cathedral all within the mine and all carved from the salt. The cathedral is even more incredible when you consider that it was all carved by 3 miners.",The next day we went back to Auschwitz and spent a very quiet 3 hours wandering around the museum trying to comprehend the scale. Needless to say this was quite a harrowing day but they have done a good job of ensuring t,
Poland,2009-04-17,,The Last Supper - Salt Mine Style,Last Supper.JPG,Krakow to Zakopane,"This place is amazing. There are several chapels, statues and a huge cathedral all within the mine and all carved from the salt. The cathedral is even more incredible when you consider that it was all carved by 3 miners.",The next day we went back to Auschwitz and spent a very quiet 3 hours wandering around the museum trying to comprehend the scale. Needless to say this was quite a harrowing day but they have done a good job of ensuring t,
Poland,2009-04-17,,Salt Mine Carving,Salt God.JPG,Krakow to Zakopane,"This place is amazing. There are several chapels, statues and a huge cathedral all within the mine and all carved from the salt. The cathedral is even more incredible when you consider that it was all carved by 3 miners.",The next day we went back to Auschwitz and spent a very quiet 3 hours wandering around the museum trying to comprehend the scale. Needless to say this was quite a harrowing day but they have done a good job of ensuring t,
Poland,2009-04-17,,Ollie & Jenny in Snow,OJ Summit.JPG,Krakow to Zakopane,"cable car up Mount Kasprowy Wierch, with amazing views of the surrounding snow capped mountains. We had hoped to walk from here but we were still at the end of skiing season and walking was only for those with crampons.","This was also where we finally used our bikes in anger - pedaling up the Chocholovska valley - a lovely flat valley that takes you into the Tatra Mountains. It's a fully tarmaced cycle path so is as easy as easy can be,",
Poland,2009-04-17,,Ollie's Rest,Zakopane Cycle.JPG,Krakow to Zakopane,"up the Chocholovska valley - a lovely flat valley that takes you into the Tatra Mountains. It's a fully tarmaced cycle path so is as easy as easy can be, but who is complaining? Obviously Ollie found it quite hard work!","After a few too many Zakopanian beers, pizzas and ice creams we realised that we were having far too much of the good life and so decided to drop over the border into Slovakia - and so ends Poland. 
 
 
 << Previous Blog",
Overlanding Toys,2009-05-01,,Bikes,Bikes.JPG,Balaton To Gilau,"y. 
 
 Bikes, as said above, used lots of times already, the only downside is closing the back door is a little more awkward, but we are used to this already. If they get nicked or break down, to us these are disposable.","COBB. Used for: Pizza, bread , stew, baked bananas, baked potatoes, did I say Pizza? 
 
   
 
 
 
 Leatherman. Used at least 10 times daily by Ollie. The trick is to put it on your belt, then you use it. And you feel lik",
Overlanding Toys,2009-05-01,,COBB,Cobb and Dino.JPG,Balaton To Gilau,"is a little more awkward, but we are used to this already. If they get nicked or break down, to us these are disposable. 
 
   
 
 
 
 COBB. Used for: Pizza, bread , stew, baked bananas, baked potatoes, did I say Pizza?","Leatherman. Used at least 10 times daily by Ollie. The trick is to put it on your belt, then you use it. And you feel like action man. 
 GPS. We use a PDA with MyWay IGO loaded on it. It has all of the roads of Europe an",
Overlanding Toys,2009-05-01,,Boat,Boat.JPG,Balaton To Gilau,"we have paid for one nights accommodation, apart from camping, so this is saving us money every day. Keeps us warm and dry too! 
 Blow up canoe. Yes, have been out for one lovely paddle already. More to follow hopefully.","Kelly kettle. Didn't get used until we free camped and then got used lots. We still love it. 
 Axe. Chop chop chop :) 
 Grill rack and Diablos. Used as soon as we had a camp fire. 
 Portable toilet seat. Least said soone",
Mooching In Magyar,2009-04-26,,Palace in Keszthely,P1000399.JPG,Balaton To Gilau,"done - the wind was far too strong and the lake too much like a sea. So instead we went for a wander around the town to see some sites, eat some cake and visit the tourist info - all mandatory components of a town visit!","After some intriguing cake, some very helpful tourist info people and a circuit of the above palace we retired to our campsite to cook PIZZA on the Cobb!!! This was very exciting for us.. in fact, so exciting that Jenny",yes
Mooching In Magyar,2009-04-26,,Wroclaw Town Hall,DSCF2005.JPG,Balaton To Gilau,"his was very exciting for us.. in fact, so exciting that Jenny got a bit carried away and built a topping that consisted of all her favouritest ever toppings all combined in to one...it's hard work this camping malarkey!",The next day we decided to go to the healing waters of Heviz's hot lake to fix all our aching bones. It was a chilly but very sunny day so we cycled from the campsite to Heviz on some lovely cycle paths including a monst,yes
Mooching In Magyar,2009-04-26,,Heviz,DSCF0972.JPG,Balaton To Gilau,"trange rings of bells, after which everyone moved one place along we realised that this was either the slowest queue in the world or we were in the wrong (very strange) place! Eventually we found our way out to this.....","....and spent a couple of hours alternately relaxing in the lake and freeeeezing on the lake side! What was needed after all this ""goodness"" was some booze..so we collected our bikes and made our way to the wine region w",yes
Mooching In Magyar,2009-04-26,,"Ollie tries to decide, then plumps for all 3!",DSCF0981.JPG,Balaton To Gilau,"ternately relaxing in the lake and freeeeezing on the lake side! What was needed after all this ""goodness"" was some booze..so we collected our bikes and made our way to the wine region which was just up the road - handy!","In the interests of research we tasted a reasonable number of wines and had a lovely spot of lunch and cake before purchasing our premium, top quality wines ....! 
   
 Although one of them may look like something that O",yes
Mooching In Magyar,2009-04-26,,Heviz Wine,DSCF2002.JPG,Balaton To Gilau,"the wine region which was just up the road - handy! 
   
 In the interests of research we tasted a reasonable number of wines and had a lovely spot of lunch and cake before purchasing our premium, top quality wines ....!","Although one of them may look like something that Ollie might temporarily store in a bottle if he couldn't face getting out of the tent in the middle of the night..... they actually tasted really quite nice! (And no, tha",yes
Mooching In Magyar,2009-04-26,,Dino dresses up as Thomas,DSCF0994.JPG,Balaton To Gilau,"when we first pulled in but then turned into the perfect campsite as we peered around the corner. A field, good toilets and no rules of operation - simple really! They also happened to sell beer which is always a bonus!","We spent a lovely couple of days at Lake Tisza, relaxing at the campsite, cycling on the cycle tracks and meandering along the paths by the lake side but still the canoeing evaded us as it was just too windy. One day soo",yes
Overlanding Life,2009-05-13,,Roof tent,P1000307.JPG,Gilau to Istanbul,"age from the roof tent, and make our way down the bonnet and to ground level. Tea and breakfast will follow shortly, with the breakfast usually being one of eggs (poached, scrambled or boiled), porridge, toast or cereal.","If we are off to a new destination, Jenny will pack up the tent and me the awning and table and chairs. We also have to fit in showering at some point, brushing our teeth and also a large quantity of unknown faffing. All",yes
Overlanding Life,2009-05-13,,Sand,Dino and Sand.JPG,Gilau to Istanbul,"is the expert at city centre driving, whilst I love the long shifts that are occasionally needed to get us to our destination. As yet we have not broken our rule of no night driving, but we are sure a time will come ....","A lot of our time is taken up with the unglamorous chores such as shopping, hand washing, jobs on Dino and cooking. and yet we are both more than happy to do these jobs as I think we both realise that we could not have t",
Overlanding Life,2009-05-13,,Slave,Kitchen Assistant.JPG,Gilau to Istanbul,"er role. The secondary role involves being ordered to peel and chop the vegetables, and carry out other preparations, whilst the cook then takes all the glory by presenting the dish. In our world the cook is glamour job!","Once we have eaten we are usually joined or invited to join some fellow campers for a drink and the majority of the rest of our evening is taken up consuming strange alcoholic drinks from around the world, communicating",
Overlanding Life,2009-05-13,,Boozey Ollie,Boozey Ollie.JPG,Gilau to Istanbul,"e hospitality we have been shown in all countries, and I think that it will change us for good. The English, blessed as we are in many ways, have a lot to learn about hospitality and that certainly includes me and Jenny.","If we do have spare hour or two we either read (I am on my 3rd book!) or play board games. Although I am naturally a better board game playing, the score isn't reflecting this. I think that Jenny either has some loaded d",
Roaming In Romania,2009-05-02,,Field of candles,P1000408.JPG,Gilau to Istanbul,"The story is that several bears were trapped in the cave when a rockfall blocked the entrance, but the cave itself is absolutely stunning with many tites and mites and pillars and all the rest... finally some piccies...!","Lake Lesu 
 The rest of that day was spent driving - but oh what a drive! We looked on our main European road atlas and decided to follow a numbered road up to a Dutch campsite that we were certain existed. It all looked",yes
Roaming In Romania,2009-05-02,,Monster!,P1000416.JPG,Gilau to Istanbul,"The story is that several bears were trapped in the cave when a rockfall blocked the entrance, but the cave itself is absolutely stunning with many tites and mites and pillars and all the rest... finally some piccies...!","Lake Lesu 
 The rest of that day was spent driving - but oh what a drive! We looked on our main European road atlas and decided to follow a numbered road up to a Dutch campsite that we were certain existed. It all looked",yes
Roaming In Romania,2009-05-02,,Romania Rough Camp - so tough!,P1000438.JPG,Gilau to Istanbul,a place to wild camp. It didn't take long until we were stopped in an amazing location right next to a lake with a fire going (it seems that all Romanians light a fire when they have a picnic!) and BBQ in preparation...,"We couldn't let the opportunity of using the canoe go by, so the next morning we woke up early and dragged out the boat onto the crystal clear waters of the lake.... 
   
   
 For those in NZ - Jenny did not have to drag",yes
Roaming In Romania,2009-05-02,,Mirror Lake,DSCF6005.JPG,Gilau to Istanbul,"n they have a picnic!) and BBQ in preparation... 
   
 We couldn't let the opportunity of using the canoe go by, so the next morning we woke up early and dragged out the boat onto the crystal clear waters of the lake....","For those in NZ - Jenny did not have to drag Sultan Ollie out this time!!! 
 All that frantic paddling meant that we had to have a hearty breakfast and so lit another fire for a quick fry-up! 
   
   
 We finally decided",yes
Roaming In Romania,2009-05-02,,Paddling back to Dino,DSCF6011.JPG,Gilau to Istanbul,"n they have a picnic!) and BBQ in preparation... 
   
 We couldn't let the opportunity of using the canoe go by, so the next morning we woke up early and dragged out the boat onto the crystal clear waters of the lake....","For those in NZ - Jenny did not have to drag Sultan Ollie out this time!!! 
 All that frantic paddling meant that we had to have a hearty breakfast and so lit another fire for a quick fry-up! 
   
   
 We finally decided",yes
Roaming In Romania,2009-05-02,,Post Paddle Fry Up,DSCF6018.JPG,Gilau to Istanbul,"rs of the lake.... 
   
   
 For those in NZ - Jenny did not have to drag Sultan Ollie out this time!!! 
 All that frantic paddling meant that we had to have a hearty breakfast and so lit another fire for a quick fry-up!",We finally decided we had to move on and took to the non-road-road once more. We made it to our Dutch campsite and were very glad that we had found our idyll the night before - the campsite was fine but nothing special.,yes
Roaming In Romania,2009-05-02,,Jenny tries out the homebrew,P1000452.JPG,Gilau to Istanbul,for some wine. Somehow we managed to converse for a couple of hours and found out that the husband had done a similar journey to us to Pakistan on a charity mission and that their daugher was also doing a similar thing.,"It was also here that we started our chess championship, albeit slightly onesided as several pieces were missing and several others had had so much homebrew their feet were missing! That said, Jenny still won a resoundin",yes
Roaming In Romania,2009-05-02,,Chess Chins,P1000458.JPG,Gilau to Istanbul,"here that we started our chess championship, albeit slightly onesided as several pieces were missing and several others had had so much homebrew their feet were missing! That said, Jenny still won a resounding victory ;)","And for Julia... the cat of the day is Thomasz the crisp eating cat who befriended us and our food for the duration of our stay... and ""protected"" us from the many other cats that threatened our peace! 
   
   
 Now then",yes
Roaming In Romania,2009-05-02,,Tomasz the crisp eating cat,P1000457.JPG,Gilau to Istanbul,"g victory ;) 
   
 And for Julia... the cat of the day is Thomasz the crisp eating cat who befriended us and our food for the duration of our stay... and ""protected"" us from the many other cats that threatened our peace!","Now then, this was all the prelude to the main event of Romania and the reason why we decided to come through Romania at all - to spend some time off-roading and bear spotting with Paul and co. from Transylvania 4x4. We",yes
Roaming In Romania,2009-05-02,,P1000533,P1000533.JPG,Gilau to Istanbul,"ggle with the tradition after about 6 glasses, Jenny started going cross-eyed at 3 glasses and Laura rescued Paul's honour by downing his last glass before moving on to the wine. Boy did the wine taste good after that!!!","3) Taking Dino along some great green lanes in the Transylvanian mountains and reminding ourselves how to winch! 
   
 4) Spending the night in a bear-hide with Strider the Ranger (ok, his name was Andres but he was Stri",yes
Roaming In Romania,2009-05-02,,...but it looks so civilised!,P1000537.JPG,Gilau to Istanbul,"ggle with the tradition after about 6 glasses, Jenny started going cross-eyed at 3 glasses and Laura rescued Paul's honour by downing his last glass before moving on to the wine. Boy did the wine taste good after that!!!","3) Taking Dino along some great green lanes in the Transylvanian mountains and reminding ourselves how to winch! 
   
 4) Spending the night in a bear-hide with Strider the Ranger (ok, his name was Andres but he was Stri",yes
Roaming In Romania,2009-05-02,,Mr. P,P1000538.JPG,Gilau to Istanbul,"ggle with the tradition after about 6 glasses, Jenny started going cross-eyed at 3 glasses and Laura rescued Paul's honour by downing his last glass before moving on to the wine. Boy did the wine taste good after that!!!","3) Taking Dino along some great green lanes in the Transylvanian mountains and reminding ourselves how to winch! 
   
 4) Spending the night in a bear-hide with Strider the Ranger (ok, his name was Andres but he was Stri",yes
Roaming In Romania,2009-05-02,,It's big out there...,DSC00772.JPG,Gilau to Istanbul,"by downing his last glass before moving on to the wine. Boy did the wine taste good after that!!! 
       
 3) Taking Dino along some great green lanes in the Transylvanian mountains and reminding ourselves how to winch!","4) Spending the night in a bear-hide with Strider the Ranger (ok, his name was Andres but he was Strider to us!!!). This really was an incredible experience. We got the go-ahead from the ranger at the very last minute so",yes
Roaming In Romania,2009-05-02,,"Jenny, Ollie, Dave & ""Strider""",DSC00841.JPG,Gilau to Istanbul,"ute so after some crazy rushing around we were collecting Strider from his house and on our way back up the mountain to the bear hide with sleeping bags, flasks and wide eyes It was going to be a full moon.....wooooooo!.",Paul tried to limit our expectations by saying that it's the wrong time to be seeing bears and there had been some heavy logging in the area so we were unlikely to have too much luck. A few hours later we were sat silent,yes
Roaming In Romania,2009-05-02,,Svine,DSC00827.JPG,Gilau to Istanbul,very good result! Most of the action happened in the pitch black so this is the only photo we have (it wasn't a dream..honest!).. A huge thanks has to go to Strider for showing us the madness of the Transylvanian forest!,"So, that was that. It really was good fun but also time to go. Massive thanks to Laura for looking after us and feeding us so well; even creating a wonderful veggie dish out of no-where, and for being the translator thro",yes
Roaming In Romania,2009-05-02,,Howwwwwlllll,P1000479.JPG,Gilau to Istanbul,very good result! Most of the action happened in the pitch black so this is the only photo we have (it wasn't a dream..honest!).. A huge thanks has to go to Strider for showing us the madness of the Transylvanian forest!,"So, that was that. It really was good fun but also time to go. Massive thanks to Laura for looking after us and feeding us so well; even creating a wonderful veggie dish out of no-where, and for being the translator thro",
Ollies Delight,2009-05-12,,Sign,Turkey Sign.JPG,Gilau to Istanbul,"e us until we virtually plonked ourselves on their laps. In the end it was only about 90 minutes of paper chasing, but it seemed longer (tip - always eat before you head to a border!), and soon we were driving in Turkey!","Our first mission in Turkey was to head to Istanbul and try and locate the Turkmenistan embassy, as we had not had time to acquire this visa before we left. I can already hear people asking how we didn't have time with 3",
Ollies Delight,2009-05-12,,Dino by the seaside,Dino in Istanbul.JPG,Gilau to Istanbul,"ite 70kms back the other side of Istanbul, but it was on a beach with free wireless access.We also found out that the Turkmen embassy wasn't open for two days, so it was time for some beach side lazing til t-day arrived.","The most stupendously beautiful moment of the trip so far, happened at 5am whilst we were camped by the sea. Dino was parked so our tent window was directly overlooking the beach and the sea, and one morning we were gent",
Ollies Delight,2009-05-12,,Lazy Ollie,Hammock.JPG,Gilau to Istanbul,"ite 70kms back the other side of Istanbul, but it was on a beach with free wireless access.We also found out that the Turkmen embassy wasn't open for two days, so it was time for some beach side lazing til t-day arrived.","The most stupendously beautiful moment of the trip so far, happened at 5am whilst we were camped by the sea. Dino was parked so our tent window was directly overlooking the beach and the sea, and one morning we were gent",
Ollies Delight,2009-05-12,,Blue Mosque,Blue Mosque.JPG,Gilau to Istanbul,or free) 10 minutes from the embassy and soon we had completed the forms and were told to ring up on Monday for the results! We then spent the rest of the day wandering around and admiring the beautiful sites of Istanbul,"Later that evening we had our first of many presents of food, a huge plate of freshly caught and cooked fish. This arrived shortly after we had already finished a massive barbeque, and because Jenny is a vegetarian I had",
Ollies Delight,2009-05-12,,Fountain,Fountain.JPG,Gilau to Istanbul,or free) 10 minutes from the embassy and soon we had completed the forms and were told to ring up on Monday for the results! We then spent the rest of the day wandering around and admiring the beautiful sites of Istanbul,"Later that evening we had our first of many presents of food, a huge plate of freshly caught and cooked fish. This arrived shortly after we had already finished a massive barbeque, and because Jenny is a vegetarian I had",
Ollies Delight,2009-05-12,,Hizir,Hizir Family.JPG,Gilau to Istanbul,"nding the weekend holidaying in a bus. They were Hizir, his wife Birsen, their daughter Beste and grand daughter Bilge. To top this off they also cooked us a huge breakfast the next day. What a lovely bunch of people ...","Amazing Food 
 I couldn't write this update without mentioning how great we found the Turkish food - even Jenny, which is incredible considering the stock dishes are pure meat! We found that the food is made with the fre",
Ollies Delight,2009-05-12,,Kavalte,Kavalte.JPG,Gilau to Istanbul,"nding the weekend holidaying in a bus. They were Hizir, his wife Birsen, their daughter Beste and grand daughter Bilge. To top this off they also cooked us a huge breakfast the next day. What a lovely bunch of people ...","Amazing Food 
 I couldn't write this update without mentioning how great we found the Turkish food - even Jenny, which is incredible considering the stock dishes are pure meat! We found that the food is made with the fre",
Ollies Delight,2009-05-12,,Yum,yum.JPG,Gilau to Istanbul,"es and eggs. Of course this is washed down with endless glasses of Turkish tea, cay (pronounced chai), which is served in a hourglass glass and always (don't read this Geth) with at least two teaspoons of sugar. Yum Yum!","From a meat eaters position Istanbul is also heaven, and the variety and cheapness of the delicious kebabs is enough to make me consider living there one day! 
 T-Day 
 As well as eating and meeting nice people we filled",
Asian Dreams,2009-05-18,,Bospherus,Asia.JPG,Istanbul to Doggiebiscuit,"d and decided that we needed to get somewhere to think, and make a decision fast. Our next destination was another world heritage site, Safronbolu, so we decided to hot tail up there and make some decisions. 
 Safronbolu","We reached Safronbolu after nearly a full days drive, having crossed the Bosphorus into Asia much earlier in the day. Safronbolu is a very pretty and charming village built mainly from wood, up on the hillside. It was a",
Asian Dreams,2009-05-18,,Safronbolu Hotel,Safronbolu Breakfast.JPG,Istanbul to Doggiebiscuit,"eakfast room, which was dominated by the air conditioning unit - a huge pool of water! The atmosphere here certainly helped us in our contemplation - along with the wine! The decision was made, Azerbaijan here we come :)","Although the decision was made, it still meant we had to reconfigure our route and timetable, as we now had to find at least another ten days in case of the ferry delaying us. This is where we really had to make a hard d",
Asian Dreams,2009-05-18,,Trippy,Tripppppyy.JPG,Istanbul to Doggiebiscuit,"most of the local landscape could be dug out easily, and started living in the 'fairy chimneys'. Hence the whole area is dominated by these caves and hills, and each and every view is like a heavy acid trip. Apparently.","We had a truly wonderful time exploring this area, including the open air museum, which shows a section of the area inhabited for the last 1000 years and includes many churches and burial grounds. Although we were slight",
Asian Dreams,2009-05-18,,Church,Cap Church.JPG,Istanbul to Doggiebiscuit,"the drops were a little too mad for us, and ended up on a walking tour instead. it still was a magical time, and really felt like being a kid again. If you go to Turkey, please follow our advice and pop into Cappadocia!","Inside one of the Church caves . 
   
 Ollie the Hobbit 
   
 Jenny pointed to the mad landscape, in case you couldn't see it 
   
 Mad Cave Man 
 We spent nearly three days in Goreme, but the weather started looking thu",
Asian Dreams,2009-05-18,,Hobbit,Hobbit.JPG,Istanbul to Doggiebiscuit,", and ended up on a walking tour instead. it still was a magical time, and really felt like being a kid again. If you go to Turkey, please follow our advice and pop into Cappadocia! 
   
 Inside one of the Church caves .","Ollie the Hobbit 
   
 Jenny pointed to the mad landscape, in case you couldn't see it 
   
 Mad Cave Man 
 We spent nearly three days in Goreme, but the weather started looking thundery, so we decided it was time to lea",
Asian Dreams,2009-05-18,,Jenny in Cappaddoccia,Air Hostess.JPG,Istanbul to Doggiebiscuit,"king tour instead. it still was a magical time, and really felt like being a kid again. If you go to Turkey, please follow our advice and pop into Cappadocia! 
   
 Inside one of the Church caves . 
   
 Ollie the Hobbit","Jenny pointed to the mad landscape, in case you couldn't see it 
   
 Mad Cave Man 
 We spent nearly three days in Goreme, but the weather started looking thundery, so we decided it was time to leave. Our next destinatio",
Asian Dreams,2009-05-18,,Asmail,Asmail.JPG,Istanbul to Doggiebiscuit,"found it was thought he was dead! During the course of our day with him Asmail was thoroughly repentant of his past life wasted on alcohol and was promising to give it all up. Jenny, of course, had heard al this before.","A guillotine style trap, with our crazy guide Asmail. He smiled a lot more in real life! 
 Asmail turned out to be a great guide, who took us around the city with no other visitors, and hence we had his 100% attention an",
Asian Dreams,2009-05-18,,Ollie Crawling,crawl.JPG,Istanbul to Doggiebiscuit,"not having heard of Health and Safety, could really bring to life what it was like to live in one of these cities. Certainly we were glad we stumbled upon this amazing place before we found the city in the Lonely Planet.","Ollie Crawling, and Jenny trying to decently climb! 
   
 We made it out alive! 
 As well as the underground city Asmail took us to some Roman and pre-Roman burial chambers in the cliffs, but we won't talk much more of t",
Asian Dreams,2009-05-18,,Jenny Climbing,Climb.JPG,Istanbul to Doggiebiscuit,"not having heard of Health and Safety, could really bring to life what it was like to live in one of these cities. Certainly we were glad we stumbled upon this amazing place before we found the city in the Lonely Planet.","Ollie Crawling, and Jenny trying to decently climb! 
   
 We made it out alive! 
 As well as the underground city Asmail took us to some Roman and pre-Roman burial chambers in the cliffs, but we won't talk much more of t",
Asian Dreams,2009-05-18,,Cave Exit,exit.JPG,Istanbul to Doggiebiscuit,"life what it was like to live in one of these cities. Certainly we were glad we stumbled upon this amazing place before we found the city in the Lonely Planet. 
     
 Ollie Crawling, and Jenny trying to decently climb!","We made it out alive! 
 As well as the underground city Asmail took us to some Roman and pre-Roman burial chambers in the cliffs, but we won't talk much more of this here, as only one of our party was brave enough to fol",
Asian Dreams,2009-05-18,,Ollie in the back,Back.JPG,Istanbul to Doggiebiscuit,"some Roman and pre-Roman burial chambers in the cliffs, but we won't talk much more of this here, as only one of our party was brave enough to follow, whilst the other was left dreaming of pasties. 
 Off to see the Deity","So after all this excitement we still had quite a big drive ahead of us, so set off on the road to Nemrut Dagi, knowing that we would only get about half way that day. It is worth noting here that the Turkish roads we ge",
Asian Dreams,2009-05-18,,Snaking Road,snake pass.JPG,Istanbul to Doggiebiscuit,"e glory run. Ha, little did she know what was in store for her! 
 Just after she took over the road became a proper snaking mountain pass, with the (mostly) tarmac becoming a snaking lane with boulders littering the way.","The road we climbed from the rear and front 
 The final few miles took us up to a (then) record of 2150m, and after about 4 hours attempting to summit the mountain (well sort of) we made it to the top to be rewarded with",
Asian Dreams,2009-05-18,,Dino up hill,hill.JPG,Istanbul to Doggiebiscuit,"e glory run. Ha, little did she know what was in store for her! 
 Just after she took over the road became a proper snaking mountain pass, with the (mostly) tarmac becoming a snaking lane with boulders littering the way.","The road we climbed from the rear and front 
 The final few miles took us up to a (then) record of 2150m, and after about 4 hours attempting to summit the mountain (well sort of) we made it to the top to be rewarded with",
Asian Dreams,2009-05-18,,Statue Heads,heads.JPG,Istanbul to Doggiebiscuit,"s attempting to summit the mountain (well sort of) we made it to the top to be rewarded with stunning views and mystical ruins of the previous two thousand years. It was worth it, but we both knew we had to go back down!","The statues and heads. The statues fell during numerous earthquakes in the last 2000 years. 
   
 Close up of the heads 
 Having spent a lovely hour wandering around our thoughts turned the way home - we would have to le",
Asian Dreams,2009-05-18,,Close up of heads,close heads.JPG,Istanbul to Doggiebiscuit,"ing views and mystical ruins of the previous two thousand years. It was worth it, but we both knew we had to go back down! 
   
 The statues and heads. The statues fell during numerous earthquakes in the last 2000 years.","Close up of the heads 
 Having spent a lovely hour wandering around our thoughts turned the way home - we would have to leave pretty sharpish if we were to get down the mountain in the light. We had a quick word with som",
Asian Dreams,2009-05-18,,Ararat,Ararat.JPG,Istanbul to Doggiebiscuit,"returning home after 3 years on the road, two German overlanders in a big truck (Uwe and Dani) again returning home, but this time after 8 months, and finally a mad, but lovely French cyclist, Tony, who was cycling home","Little and Large Ararat 
 We had a lovely couple of days with these guys, sharing our last drink for a month with them, and at the same time getting some great tips for our journey ahead. Thanks guys all of you, safe tra",
Vive La Revolution,2009-06-20,,Desert Road,Desert Road.JPG,Doggiebiscuit to Yazd,"nd most of the young urban people who spoke to us were optimistic of some change taking place, although this was tempered with a little pessimism that nothing ever really changes whoever is in power. Who was to be right?","So having had a great time in the rest of Iran we headed into Tehran on the night of the election, feeling confident that our biggest worry was the Tehran traffic. There are absolutely no traffic regulations obeyed in th",
Vive La Revolution,2009-06-20,,Arton,Arton.JPG,Doggiebiscuit to Yazd,"ss online about possibly meeting up, and was thinking about a similar route. We sat and drunk many a chay with Arton, learning lots including the REAL rules for backgammon - expect an Ollie revival in the next few weeks!","In the Firuzeh we spent our free time chatting and exchanging (sometimes tall) stories with a whole host of different travelers and really enjoyed this time. Alongside Lutz there was Herbie the Swiss biker, whose use of",
Iran In A Sack,2009-06-29,,The Sack!,the sack.JPG,Yazd to Baku,the 3 weeks - it's just toooo HOT for that kind of attire! My advice to anyone planning a visit is to shop around for the lightest tops you can find before entering Iran as most of the Iranian options are just too thick.,There is no escaping this rule - even in the communal areas of hotels the rule is applied. One girl decided not to wear her head scarf in the courtyard of one hostel that we stayed in. The hostel was used both by tourist,
Iran In A Sack,2009-06-29,,Typical street scene,chador.JPG,Yazd to Baku,"ponse was simple; that she would be letting her family down. So, although the government do define the dress code, it's the family traditions (and the rebelliousness of the girl!) that defines the extent of conservatism.","At Persepolis we got talking to a whole group of girls and a couple of their male relatives. They were a wonderful bunch of people, they gave us some supper and asked us a million and one questions about life back home a",
Iran In A Sack,2009-06-29,,1 million questions from the girls,girls questions.JPG,Yazd to Baku,"I would launch into a feminist diatribe, but finally breathed in relief once I had answered! Thinking it over afterwards it was nice to realise that I actually meant what I said and it wasn't just a pacifying statement.","Hamid, Jalal, Najmeh, Fatemeh, Mahboobeh & Roya - Lovely people and 1 million questions! 
 The Rules 
 One rule that I never quite got to grips with was the fact that women and men should not shake hands. The theory was",
Iran In A Sack,2009-06-29,,Arton,illegal backgammon.JPG,Yazd to Baku,"viously clever but slightly misguided son, so punching him wasn't really an option! We told him that he might understand a bit more about this and ""those disgusting movies where men and women kiss"" when he's a bit older!","Just about keeping the scarf on....and playing the only just legal chess 
 ....And finally 
 One of my overriding memories of the women in Iran would be the normal sight of an old woman covered from head to toe in her ch",
Drying Out,2009-06-30,,Old Iranian Landie,Landie.JPG,Baku to Khiva,"biggest - and this was a total shock to our system. But, funnily enough it is no long before you realise that this form of driving can be fun, because you can throw the highway code out of the window and just go for it.","We had earmarked a hotel for the night but had no idea where we were, and had to eventually stop and ask for help; so we pulled over to asked some locals at a kebab stall. Initially they tried to draw us a detailed map,",
Drying Out,2009-06-30,,El Goli Park,elgoli.JPG,Baku to Khiva,"ty of places it would be fine to free camp. This latter piece of information was just what we wanted to hear, especially given the rather obscene price we were paying for a hotel (this is not the normal price in Iran!!).","On hearing about the free camping we decided to head to the pride of Tabriz, El Goli park, which is a little out of town, but where many of the city folk hang out at the weekends. It was Saturday by the time we got there",
Drying Out,2009-06-30,,Mammod,Mamood.JPG,Baku to Khiva,"nteresting insight, chatting to the whole family and we both now realise that all of the Iranian idiosyncrasies were not black and white as they first appear, and that respect to heritage plays as big a part as religion.",". 
 Not only did Mamood help us understand Iranian life but he was kind enough to help us find a garage run by a landie owner, who helped us with an oil change, and a quick check over. We definitely have to say a big tha",
Drying Out,2009-06-30,,Arton,wildwoman.JPG,Baku to Khiva,amazing bit of desert or mountain scenery to cook up a quick dinner and get your head down for the night. This makes some the long drives a lot easier and also means that you can avoid sleeping in Tehran for two nights!,"Although we didn't finalise anything in Tehran we had located all the embassies that we needed and found out how long each visa would take. Thus we could head off and explore Iran, and return for a last week of Tehran he",
Drying Out,2009-06-30,,Wild camp,wildcampe.JPG,Baku to Khiva,amazing bit of desert or mountain scenery to cook up a quick dinner and get your head down for the night. This makes some the long drives a lot easier and also means that you can avoid sleeping in Tehran for two nights!,"Although we didn't finalise anything in Tehran we had located all the embassies that we needed and found out how long each visa would take. Thus we could head off and explore Iran, and return for a last week of Tehran he",
Quick Catch Upt,2009-07-11,,ruins,Pesepholis.JPG,Khiva to Dushanbe,"aijan and Pakistan visas, and ready to take the northern route to Kazakhstan, via the cargo ferry from Baku. And with more and more demonstrations being called we knew it was time to get out of the city and find a drink!","Ferry Good? 
 So, the next mission was to try and get to Baku in time to catch the ferry that leaves Azerbaijan for Actau in Kazakhstan. this ferry comes with a nasty reputation for running to no timetable and having the",
Quick Catch Upt,2009-07-11,,Esfahan,Esfahan.JPG,Khiva to Dushanbe,"aijan and Pakistan visas, and ready to take the northern route to Kazakhstan, via the cargo ferry from Baku. And with more and more demonstrations being called we knew it was time to get out of the city and find a drink!","Ferry Good? 
 So, the next mission was to try and get to Baku in time to catch the ferry that leaves Azerbaijan for Actau in Kazakhstan. this ferry comes with a nasty reputation for running to no timetable and having the",
Quick Catch Upt,2009-07-11,,Yazd,Yazd Sunset.JPG,Khiva to Dushanbe,"aijan and Pakistan visas, and ready to take the northern route to Kazakhstan, via the cargo ferry from Baku. And with more and more demonstrations being called we knew it was time to get out of the city and find a drink!","Ferry Good? 
 So, the next mission was to try and get to Baku in time to catch the ferry that leaves Azerbaijan for Actau in Kazakhstan. this ferry comes with a nasty reputation for running to no timetable and having the",
Quick Catch Upt,2009-07-11,,Ollie in the desert,King.JPG,Khiva to Dushanbe,"aijan and Pakistan visas, and ready to take the northern route to Kazakhstan, via the cargo ferry from Baku. And with more and more demonstrations being called we knew it was time to get out of the city and find a drink!","Ferry Good? 
 So, the next mission was to try and get to Baku in time to catch the ferry that leaves Azerbaijan for Actau in Kazakhstan. this ferry comes with a nasty reputation for running to no timetable and having the",
Quick Catch Upt,2009-07-11,,Ferry Posse,Baku Ferry.JPG,Khiva to Dushanbe,y hungover the whole situation was one of the more stressful we had had so far. Eventually Jenny returned from the embassy with the visa in hand just as I was about to secure our priceless ticket! Vive Kazakhstan .......,"Cruising the Caspian 
 Whilst queuing for the ferry we met up with a whole shower of fellow travelers: two American cyclists, a French back backer, three French classic Citroen drivers, along with their rather handy Russ",
Quick Catch Upt,2009-07-11,,Old Iranian Landie,Ferry Posse.JPG,Khiva to Dushanbe,"catching the sister ferry to Turkmenistan, and was unlucky to have no other travelers with him. We would next see Russ in Uzbekistan, holed up in hospital, and this time begging us for a drink. More of that later though.","We hadn't researched this ferry in much detail because it was such a late addition to our trip, but we had heard rumours that it could take upto three days and would have no food on board. Because of the chaos of the day",
Quick Catch Upt,2009-07-11,,Drunks,Drunks.JPG,Khiva to Dushanbe,"ith Eva's Russian we were also allowed down below deck to get food and other comforts from our vehicles. This meant on our last night we could cook a celebratory chilli, and spend a pleasant evening with our new friends.","Kazakhstan Through to Uzbekistan 
 We arrived in Actau a little 'seasick', and even though we were ably assisted by Eva, the border was another nightmare 4 hours, but soon we all met up ready for one last evening togethe",
Quick Catch Upt,2009-07-11,,Alex and his violin,violin.JPG,Khiva to Dushanbe,"t meal, and then at midnight Alex (the cyclist) pulled out his violin and played Jenny happy birthday. This was followed by plenty of shots of vodka, and a cheeky dip into the very cold Caspian sea. Happy Birthday Jenny!","We spent one more day and night on the beach, chilling, whilst watching the Kazakh Marines doing strange drills on the beach, but then the next day we all went our own ways. Our plan was to meander our way down to Uzbeki",
Quick Catch Upt,2009-07-11,,Citreons,Citreons.JPG,Khiva to Dushanbe,"t meal, and then at midnight Alex (the cyclist) pulled out his violin and played Jenny happy birthday. This was followed by plenty of shots of vodka, and a cheeky dip into the very cold Caspian sea. Happy Birthday Jenny!","We spent one more day and night on the beach, chilling, whilst watching the Kazakh Marines doing strange drills on the beach, but then the next day we all went our own ways. Our plan was to meander our way down to Uzbeki",
Quick Catch Upt,2009-07-11,,Kazakh Sunset,Sunset.JPG,Khiva to Dushanbe,"20 kms an hour. We drove for long days, but had beautiful evenings watching the sun go down as we drank a beer or wine, eating beautiful home cooked for - we were now living the long envisaged dream and were truly happy.","Sudden Text 
 We were enjoying slow meander to Uzbekistan, when out of the blue we got a text message from Russ - he was holed up in an Uzbek hospital across the border with either petrol poisoning, salmonella or biggirl",
One Russell Cleasby,2009-07-24,,Russ in hospital,Russ in Uzbek Hospital.JPG,Dushambe to Osh,"y! Just as it was looking like he was doomed to spend another two days in hospital the results came through and we were released to the nearest bar. No need to add, although I will, we were all feeling sick the next day.","Uzbekistan Proper 
 Once we had sprung Russ's release we were free to explore Uzbekistan, which is an ex-Soviet republic, now under the leadership of the same man who was in charge during the Soviet era. Some call him a",
One Russell Cleasby,2009-07-24,,Khiva,Khiva Cityscape.JPG,Dushambe to Osh,"nts. It is interesting to see the large and colourful Islamic buildings that existed side by side with the slave centre, but without a true hustle and bustle the town is missing out on one vital ingredient - real people!","On the way to Khiva we stopped off for some off road exploration with Russ, looking for a potential campsite, and although unsuccessful our return to the main road coincided with the French Citroen convoy stopping for a",
One Russell Cleasby,2009-07-24,,Fat Khiva,Khiva Chimney.JPG,Dushambe to Osh,"nts. It is interesting to see the large and colourful Islamic buildings that existed side by side with the slave centre, but without a true hustle and bustle the town is missing out on one vital ingredient - real people!","On the way to Khiva we stopped off for some off road exploration with Russ, looking for a potential campsite, and although unsuccessful our return to the main road coincided with the French Citroen convoy stopping for a",
One Russell Cleasby,2009-07-24,,Walls,Khiva Wall.JPG,Dushambe to Osh,"nts. It is interesting to see the large and colourful Islamic buildings that existed side by side with the slave centre, but without a true hustle and bustle the town is missing out on one vital ingredient - real people!","On the way to Khiva we stopped off for some off road exploration with Russ, looking for a potential campsite, and although unsuccessful our return to the main road coincided with the French Citroen convoy stopping for a",
One Russell Cleasby,2009-07-24,,Yurt Girls,Yurt Girls.JPG,Dushambe to Osh,"ld ruins, and near a Yurt stay. We decided not to spend the $40 a person on a night in the yurt, but did take a very pleasant breakfast there, although our French friends decided it was too touristy for them. Their loss!","Khiva, Bhukara and Samarkand 
 We ended up spending five days at Khiva, which is certainly too long for what is available to see as a tourist, but it was nice for us to spend some chilled time together with Russ, and we",
One Russell Cleasby,2009-07-24,,"Russ and Ollie at Dinner, the Oriental Nook",Dinner.JPG,Dushambe to Osh,"not far from the big fat incomplete minaret, and also the Oriental Nook restaurant (see piccie below), only five minutes walk away. Either way bargain hard for your hotel room as we reduced this down from $35 a night!!!","We would have only spent 4 nights in Khiva, but as we were about to leave I managed to pick up our first real bug, a 24 hour vomitathon. Not at all girls blousy like Russ' illness, rather a real man's illness for a real",
One Russell Cleasby,2009-07-24,,Andre,Andrea.JPG,Dushambe to Osh,"sic. He found it on the decrepit hotel piano, much to the concern of the other guests. Andre confirmed our suspicions that all Swiss Germans are crazy and that all cyclists are crazy. It certainly counted double for him.","Lying and Cheating 
 Fully ensconced in the Grand Orzu ($65/night for triple room) Russ and Jenny set about finding a travel agency that would secure us a Chinese visa, whilst I guarded our place by the pool. The agency,",
One Russell Cleasby,2009-07-24,,Cake Eater,Cake Eater.JPG,Dushambe to Osh,"and get back to frugal living. All we had to do was wait until Friday at 5pm to pick up the visas, and then hop onto our first class return train to Bhukara at 7pm. Sounds simple - so perhaps time for a celebratory cake?","Arriving at the travel agency on Friday we were told that we would have to wait until 6pm, as the Chinese were in a meeting (Free Tibet? Flood 10 million people? Remove free tea from the canteen?), so we got out the card",
One Russell Cleasby,2009-07-24,,Tajikistan Hills,Tajikistan Hills.JPG,Dushambe to Osh,"Tajikistan, via Samarkand where had a quick peep at the Registan, which looked blue and tile like. Soon we were at the border, where again we crossed in about an hour, to find a whole new landscape - hills and mountains.","Final Destination 
 Once on the other side of the border we consulted the map, and figured we should be able to reach lake Iskander Kul by dark, where we could hole up for a few days and consider our next moves, both reg",
One Russell Cleasby,2009-07-24,,Bread and Sugar,bread.JPG,Dushambe to Osh,"ng our lights, but no matter what we would do Russ would not stop. All we could do was pull in at the first place flat enough to park, and hope Russ had the good sense to realise we were no longer driving, and come back.","We set up camp in a small village, after asking the local elder's permission, having also phoned and texted Russ, with no response. The headman brought out tea, with ginormous sugar cubes, rock hard bread and some sweets",
Mountain Madness Part 1,2009-08-07,,Tajik Traffic Jam,Tajik Traffic Jam.JPG,Dushambe to Osh,"tan is an Islamic nation, so we weren't really sure how the weekend would be observed. In Iran the country had a mixture of Friday, Saturday and occasionally Sunday off for the weekend. All we could do was drive and see.","As we drove the road towards the lake it took no time at all to realise we had made the right decision to stop the night before and we thought we understood why Russ had crashed. We did, however, find out later that Russ",
Mountain Madness Part 1,2009-08-07,,Russ' Bike,Russes Bike.JPG,Dushambe to Osh,"to go for it, driving with spotlights on and at a snails pace. By 11pm we had finally caught up with Russ, over 24 hours since we had last seen him, and could find out the full story of his adventure. 
 Lake Iskander kul","We found out that as Russ was driving to the lake a lorry had run him off the road, pushing him onto a pile of earth or sand that caused his bike to flip over, smashing his windscreen, ripping his wing mirrors of and sma",
Mountain Madness Part 1,2009-08-07,,Iskanderkul,Iskanderkul.JPG,Dushambe to Osh,"time the car battery ran out, and they asked for a bump start, which we obliged, only for them to return to the spot and turn the music up louder. Oh well, it was a 90% paradise and, of course, we were in their country.","The five days passed quickly, in a haze of good food, good company and bad alcohol. The highlight being when the Russian television station, Mir, turned up to make a film about wildlife, and were apparently very impresse",
Mountain Madness Part 1,2009-08-07,,Jenny and Eva Polka Dancing,Polka.JPG,Dushambe to Osh,"referencing of facts is made! 
 It should be pointed out at this stage that this was by no means a one man show, and Jenny, unusually was seen for most of the night hogging the dance floor, giving Russian Polka lessons.","Tajikistan Roads 
 To get to Iskander Kul (so named because Alexander the Great had camped there) we had taken 3 roads, two of which were crazy single track, pothole filled, gravel roads and one was an under-repair crazy",
Mountain Madness Part 1,2009-08-07,,Land Slide,Exploded Road.JPG,Dushambe to Osh,"including one river which was actually a waterfall, as well as being first in the queue for a recent landslide. As usual Dino handled everything that was thrown at him, and we were certainly glad to have gone with a 4wd.","The road that we were first to cross after landscaping following a landslide 
 On the way to the Pamirs we stopped at the Bibi Fatima hot springs, that were worth the visit for the crazy drive up six hundred vertical met",
Mountain Madness Part 1,2009-08-07,,Afghan market,Afghan market.JPG,Dushambe to Osh,"action a little more interesting than normal. All we bought was an ice cream, some onions and a woolly hat for baby Jessica, but we managed to spend an hour or so dreaming of what Afghanistan must be like. One day maybe?","After Ishkashim we made our way along the beautiful Wakhan corridor, stopping every five minutes to admire the non stop overwhelming beauty. By this point we had also picked up a Canadian backpacker, Joe, who was traveli",
Mountain Madness Part 1,2009-08-07,,Altitude,high road.JPG,Dushambe to Osh,"so had some top notch information, regarding a traditional horse festival being held just inside Kyrgyzstan, at the base camp for mount Lenin on the 1st of August. This was perfect timing for us and we knew we had to go.","But by this time Jenny had started to feel really unwell, and just as we were all planning on heading to the festival together we realised we should take Jenny to a doctor. The only problem was we had just arrived to the",
Mountain Madness Part 1,2009-08-07,,Yurt Doc,yurt doc.JPG,Dushambe to Osh,"titude had given Jenny altitude sickness, especially as she was suffering a blinding headache. We had already fed her with one of the tablets that Ollie's sister, Vicky had provided, but with no visible signs of helping.","The doctor seemed very professional, and could tell straight away that Jenny had a stomach bug rather that altitude sickness, and said he had just the cure with him. Yogurt! No surprise there. Anyway, this put Jenny's mi",
Mountain Madness Part 2,2009-08-15,,Road to Peak Lenin,CBT Buses.JPG,Around Osh,"t although we had had great fun splashing through the water, we had also put a small hole into the corner of our water tank. Not the worst damage we could face, but still something that would need fixing at a later date.",We were some of the first tourists to arrive at the festival and soon had sorted ourselves out a Yurt for our stay. Because Natalie and Alex were on a tight budget we sub-let our roof tent to them (the price being future,
Mountain Madness Part 2,2009-08-15,,Dino and yurts at Peak Lenin,YURTS.JPG,Around Osh,"o had Joe, the Canadian, Eva the Russian photographer, and Nathan the English biker. We had agreed a price of a little of $10 a person per night, which also included 3 meals a day and endless cups of tea. What a bargain!","The Horse Festival 
 After spending a pleasant evening drinking vodka and playing cards we all had a great night's sleep, and were ready for the day's festivities. Not only were we celebrating the horse festival, but it",yes
Mountain Madness Part 2,2009-08-15,,Yurt Interior,Inside Yurt.JPG,Around Osh,"o had Joe, the Canadian, Eva the Russian photographer, and Nathan the English biker. We had agreed a price of a little of $10 a person per night, which also included 3 meals a day and endless cups of tea. What a bargain!","The Horse Festival 
 After spending a pleasant evening drinking vodka and playing cards we all had a great night's sleep, and were ready for the day's festivities. Not only were we celebrating the horse festival, but it",
Mountain Madness Part 2,2009-08-15,,Kyrgyz Brides,Bride Oclock.jpg,Around Osh,"ould almost smell the testosterone amongst the more equine smells about. Not only were the Kyrgyz males out on show, but the woman also, often in their national dress, obviously waiting for the bride abductions to begin!","The festival was comprised of four main games, all of which are supposed to show off the main skills needed to live in the Kyrgyz countryside. The games are: 
 
 Tiyin Engmei - in which coins are picked up from the groun",
Mountain Madness Part 2,2009-08-15,,Iskanderkul,Coin Grabbing.JPG,Around Osh,"as one of the highlights of the trip so far. Below are some of the photos we took, but there are heaps more on the gallery page. We also have some pretty crazy video of the games which we are in the process of uploading.","Return to Osh 
 With the games completed it was time to return to Osh and get ourselves ready for the rest of Kyrgyzstan. Once again we took Natalie and Alex in the back, this time only down to the local town of Sary Tas",
Mountain Madness Part 2,2009-08-15,,Horse Wrestling,wrestling.jpg,Around Osh,"as one of the highlights of the trip so far. Below are some of the photos we took, but there are heaps more on the gallery page. We also have some pretty crazy video of the games which we are in the process of uploading.","Return to Osh 
 With the games completed it was time to return to Osh and get ourselves ready for the rest of Kyrgyzstan. Once again we took Natalie and Alex in the back, this time only down to the local town of Sary Tas",
Mountain Madness Part 2,2009-08-15,,Jenny abducts herself a nice bride,Bridge Abduction.jpg,Around Osh,"as one of the highlights of the trip so far. Below are some of the photos we took, but there are heaps more on the gallery page. We also have some pretty crazy video of the games which we are in the process of uploading.","Return to Osh 
 With the games completed it was time to return to Osh and get ourselves ready for the rest of Kyrgyzstan. Once again we took Natalie and Alex in the back, this time only down to the local town of Sary Tas",
Mountain Madness Part 2,2009-08-15,,Ollie,Bloody Hell.jpg,Around Osh,"tage in our trip. Obviously something as stupid as this does make you think, and the rest of our trip is now in a sharp focus, and we are making sure we get the best out of our time on the road. Always a silver lining :)",<< Previous Blog    Comment     Next Blog >>,
Mountain Madness Part 3,2009-09-01,,green dino,greenlane.JPG,"Bishkek to Pasu, Pakistan","rgyzstan has found the correct balance, just! 
 The journey up to Bishkek took us five days in the end, four with the bikers and one day on our own, where we tested Dino our with some fantastic green laning in the hills.","It is a pleasure to travel through Kyrgyzstan in Dino, as not only are the roads great fun, but it is no problem to wildcamp anywhere which of course helps to keep the expenses down. One of the massive passes we had to t",
Mountain Madness Part 3,2009-09-01,,Beehives,honey.JPG,"Bishkek to Pasu, Pakistan","he expenses down. One of the massive passes we had to take included a 20 mile climb, whilst all the time passing people selling the most delicious fresh honey - by the litre. Of course we couldn't really refuse could we?","Bishkek 
 We arrived in Bishkek a day or two behind our friends, but just in time to make it to the Chinese embassy. Regular readers will know that the Chinese visa has been the bane of our lives, and Bishkek was our las",
Mountain Madness Part 3,2009-09-01,,waterful,waterful.JPG,"Bishkek to Pasu, Pakistan",", ready to exercise muscles that had barely twitched in the last couple of months. As well as hiking up to a beautiful waterfall, we also did our first white water rafting - with all instructions barked at us in Russian.","Kyrgyz Lakes 
 Kyrgyzstan has many great lakes, but two of which are the most famous Issy Kul and Song Kul. The former is the second largest alpine lake in the world, coming in just behind Titticarma in South America. It",
Mountain Madness Part 3,2009-09-01,,gimp,gimp.JPG,"Bishkek to Pasu, Pakistan",", ready to exercise muscles that had barely twitched in the last couple of months. As well as hiking up to a beautiful waterfall, we also did our first white water rafting - with all instructions barked at us in Russian.","Kyrgyz Lakes 
 Kyrgyzstan has many great lakes, but two of which are the most famous Issy Kul and Song Kul. The former is the second largest alpine lake in the world, coming in just behind Titticarma in South America. It",
Mountain Madness Part 3,2009-09-01,,Ollie with some birds,Eagle.JPG,"Bishkek to Pasu, Pakistan","terest, as well as some nice remote beaches. We even found some examples of the amazing hunting eagles that are famous in Kyrgyzstan. The photo below shows a very scared Ollie balancing an eagle and another unknown bird.","If Issy Kol is famous for being a Russian tourist trap, then Song Kol is the opposite, situated at over 3000m and up a road really only suitable for 4wd. Of course this doesn't stop the locals driving every type of vehic",
Mountain Madness Part 3,2009-09-01,,Song Kol,song kol.JPG,"Bishkek to Pasu, Pakistan","ing every type of vehicle up here. This area is the perfect antidote to Issy Kol, and although some tourists do find their way up, generally the view is of the lake, the meadows, yaks, cows and sheep and of course yurts.","So far on the trip we have traveled some of the most famous and most beautiful roads in the western world, but after leaving Song Kol we found our favorite, a really breathtaking and stunning, twisting and turning 60 kms",
Mountain Madness Part 3,2009-09-01,,switchback road,switchback.jpg,"Bishkek to Pasu, Pakistan","f you are looking for great views and enjoyable challenging driving we would recommend this road, particularly as it takes you nicely to the final staging post before the Chinese border. Just remember to look behind you!","Tash Rabat and the Chinese Posse 
 We were now fast approaching the biggest, nonnegotiable deadline of the trip - the 25th August, when we meet up with our guide at the Chinese border. To keep expenses down we had advert",
Mountain Madness Part 3,2009-09-01,,views,views.jpg,"Bishkek to Pasu, Pakistan","f you are looking for great views and enjoyable challenging driving we would recommend this road, particularly as it takes you nicely to the final staging post before the Chinese border. Just remember to look behind you!","Tash Rabat and the Chinese Posse 
 We were now fast approaching the biggest, nonnegotiable deadline of the trip - the 25th August, when we meet up with our guide at the Chinese border. To keep expenses down we had advert",
Mountain Madness Part 3,2009-09-01,,Kyrgyz Brides,posse.jpg,"Bishkek to Pasu, Pakistan","t recognizable place to the Chinese border. 
 We were the first to arrive, and arranged to a yurt for us all to stay in. Soon we were joined by JY and Babak, and not long after by Russ and Herbie. The posse was complete.",<< Previous Blog    Comment     Next Blog >>,
Crazy China,2009-09-02,,Jean-Yves and Vespa,jy.jpg,"Bishkek to Pasu, Pakistan","within 2 kms we had already picked up his fuel can and nozzle that had fallen off. By the time we had reached the Chinese border we also had his bag, tent, luggage rack and mirror on board. And yet he was still going ...","We had elected to cross into China via the Torugart Pass, which is infamous for the difficulties that non-locals have in crossing. But we had been assured by our Chinese guide agency that we would be met at the vital poi",
Crazy China,2009-09-02,,green dino,desert_resort.jpg,"Bishkek to Pasu, Pakistan","t attractions. The problem being not only would we have to travel everywhere with a guide, but also our itinerary involved not touring beautiful natural sights, but rather these sights turned into a theme park or resort.","Day two of our itinerary was a driving tour of Kashgar, but we soon gave our guide a day off, who happily accepted as he had a hangover, even though it was Ramadan and he was Hoi Chinese Muslim. 
 Xingjang is the western",
Crazy China,2009-09-02,,Spices,spice.jpg,"Bishkek to Pasu, Pakistan","ights and sounds of old and new Kashgar. Kashgar has a great reputation as a market town, and we were not disappointed, and we were soon in possession of 2 vital nuts and bolts that would keep our bikes attached to Dino.","Chinese Tourism 
 After Kashgar we were scheduled in to visit a desert, a glacier and a lake, but we soon found out that these were all places that had been converted into resorts, with hotels constructed and prices crea",
Crazy China,2009-09-02,,Snakes,snakes.jpg,"Bishkek to Pasu, Pakistan","ights and sounds of old and new Kashgar. Kashgar has a great reputation as a market town, and we were not disappointed, and we were soon in possession of 2 vital nuts and bolts that would keep our bikes attached to Dino.","Chinese Tourism 
 After Kashgar we were scheduled in to visit a desert, a glacier and a lake, but we soon found out that these were all places that had been converted into resorts, with hotels constructed and prices crea",
Crazy China,2009-09-02,,Glacial Resort,glacial_resort.JPG,"Bishkek to Pasu, Pakistan","old Jack we were leaving a day early. Surprisingly enough he agreed (after several phone calls to the agency and the police), and after signing a disclaimer that the decision was our own, were allowed to plot our escape.","Chinese KKH 
 We traveled nearly 500km along the Chinese KKH, and never once did we leave immaculate tarmac, and this was evident from Jean-Yves almost permanent driving smile. The views along the highway, although beaut",
Crazy China,2009-09-02,,mountain,mountain.jpg,"Bishkek to Pasu, Pakistan",", no doubt, but as we have now found out, the real beauty of the road is on the Pakistan side. If you want to see the best of this road then don't worry about driving up and down the Pakistan side, without hitting China.","China Summary 
 China is undoubtedly an amazing place to visit, but for overland tourists bringing in their own vehicles, it is not easy. The guide is the first problem, and although Jack was nice enough he is still rest",
Crazy China,2009-09-02,,Xingjang beer,xingjang.jpg,"Bishkek to Pasu, Pakistan","or shashlick, and the food is a big plus for those exiting the Stans. To help the food go down, there is also the great Xingjang beer, which is everywhere and sold ice cold. And at less than a dollar bottle a real plus!","The final point to note is that although the Chinese people are friendly, it is obvious that you are exiting the hospitable world of yurts and heart touching handshakes, and this is a bit of a shock after what seems a li",
Pakistani Smiles,2009-09-15,,Pakistan,Pakistani_road.jpg,Passu to Gilget,"as the biggest engineering project since the Pyramids. On the China side the road is tarmac all the way, but as soon as we crossed into Pakistan the tarmac disappeared and we were onto mud, dust and bumps. Our favorite!","It had taken us four hours to leave Chinese customs as they tried to extract a last minute bribe from us, but as none of us had paid any baksheesh up to this point we certainly weren't going to start with the miserable C",
Pakistani Smiles,2009-09-15,,River Crossing,river_crossing.JPG,Passu to Gilget,"e bank to the bridge we were forced to turn back rather than swim the last few metres. We weren't too disappointed however, as it meant we would get back to the infamous Hunza apricot cake a few minutes earlier. Yum Yum.","Karimabad 
 
 Eventually we realised that if we didn't leave we would be spending our next few days letting out our clothes a size or two, and so set off for Karimabad. Pakistan is another country that as soon as you ent",
Pakistani Smiles,2009-09-15,,Happy Couple,the_happy_couple.jpg,Passu to Gilget,"le team of road workers will wave back, as enthusiastically as a class of primary school kids. This attitude is infectious, and soon we were back, waving at everyone we passed, enjoying the feel good factor this creates.","We arrived at Karimabad with no expectations, having not acquired a guide book yet, but found it the perfect place to continue our relaxation program, and to plan our next few adventures in Pakistan. Looking for accommod",
Pakistani Smiles,2009-09-15,,Ollie,old_shalwa.jpg,Passu to Gilget,"nd that we would soon be going to more conservative areas, and so we got ourselves measured up for some local clothes, the Pakistani Shalwa Kameez. This is a loose fitting long top, with pantaloon trousers below. Oh yes!","Rakaposhi Base Camp 
 Just like Passu we found that we were managing to fill our days with some small tourist activities, such as visiting the excellent hill fort, but mainly with eating more excellent Pakistani food. We",
Pakistani Smiles,2009-09-15,,Jenny,jen_shalwa.jpg,Passu to Gilget,"nd that we would soon be going to more conservative areas, and so we got ourselves measured up for some local clothes, the Pakistani Shalwa Kameez. This is a loose fitting long top, with pantaloon trousers below. Oh yes!","Rakaposhi Base Camp 
 Just like Passu we found that we were managing to fill our days with some small tourist activities, such as visiting the excellent hill fort, but mainly with eating more excellent Pakistani food. We",
Pakistani Smiles,2009-09-15,,Our porters,porters.jpg,Passu to Gilget,"Pakistan, but we wanted to make sure that we were going with a company that understood our needs, and hence probably paid top dollar for our expedition. But for our money we got a guide, 2 porters, a cook and 2 donkeys!","The trek itself involved a 2000m climb to the base camp of Rakaposhi, a 7700m mountain that stands tall over the Hunza valley. Although the lonely planet describes reaching the base camp in two days, our guide was keen f",
Pakistani Smiles,2009-09-15,,Base Camp,basecamp.jpg,Passu to Gilget,"re provided with a 3 course meal, and we not allowed to help in any way. On top of this, when we reached base camp our tent, and the kitchen tent were already set up, and all we had to do was sit back and enjoy the view.","After spending the second day enjoying the local scenery, and eating yet more delicious food, we tackled the third , and in many ways the hardest, day. This was retracing our steps all the way back down, 2000m of toe cru",
Pakistani Smiles,2009-09-15,,Wow,wow.jpg,Passu to Gilget,"lmost crying with happiness to be at the bottom. But it was all worth it, and now we can really say that we have trekked in the Karakarom Mountain range, to the base camp of one of the tallest mountains in the world.Wow!",<< Previous Blog    Comment    Next Blog >>,
Sober Reflection,2009-09-29,,Pakistani Trucks,trucks.jpg,Gilget to Islamabad (near),"ribed as a wild west town with Muslim attitude. No matter how hard you looked you couldn't find one female face, and 90% of the males looked like extras from a Taleban movie - we were now in the Pakistan we had imagined.","Gilget was mainly a stopping off point to find some money and other supplies before heading off onto other adventures, and from here we had planned to head to the amazing Chittral Valley, where the only animist tribes li",
Sober Reflection,2009-09-29,,car wash,carwas.jpg,Gilget to Islamabad (near),"k brake had died and repair could only be carried out in Rawalpindi. The road from Gilget to Skardu was yet another amazing feat of engineering, hugging the cliff for about 200 kms, and even featured a built in car wash!","Skardu was another dusty Pakistan town, so we headed straight off for Shigar and the hill fort, where we knew Jenny, and now Jean-Yves, could rest up and recover. The fort was no disappointment (apart from the internet s",
Sober Reflection,2009-09-29,,Shigar Fort,fort.jpg,Gilget to Islamabad (near),"k of children, even offered Jenny some pills, in case her husband was not 'servicing' her well!), the food absolutely scrumptious and the grounds a sanctuary against the hustle, bustle and noise of normal Pakistani life.","The Road to Islamabad 
   
 With Jenny fixed up it was time to start heading south to Islamabad, with 3 stops planned on the way, including the old British hill retreat, Murree. The road took us through the 4000m Deosai",
Sober Reflection,2009-09-29,,Service,serivce.jpg,Gilget to Islamabad (near),"k of children, even offered Jenny some pills, in case her husband was not 'servicing' her well!), the food absolutely scrumptious and the grounds a sanctuary against the hustle, bustle and noise of normal Pakistani life.","The Road to Islamabad 
   
 With Jenny fixed up it was time to start heading south to Islamabad, with 3 stops planned on the way, including the old British hill retreat, Murree. The road took us through the 4000m Deosai",
Sober Reflection,2009-09-29,,Suspension Bridge,suspension_bridge.jpg,Gilget to Islamabad (near),"some pills, in case her husband was not 'servicing' her well!), the food absolutely scrumptious and the grounds a sanctuary against the hustle, bustle and noise of normal Pakistani life. 
         
 The Road to Islamabad","With Jenny fixed up it was time to start heading south to Islamabad, with 3 stops planned on the way, including the old British hill retreat, Murree. The road took us through the 4000m Deosai plains, which included the i",
Sober Reflection,2009-09-29,,Bag,bag.jpg,Gilget to Islamabad (near),"1st gear low ratio, crawling over rocks, whilst hanging on to the narrowest of sheep track style road. We made it to the top, just, and were ready to do some fishing. 
 Below you can see the only thing we caught all day.","After Naran we arrived at Murree for two nights, where we witnessed the end of Ramadan (breaking news on the TV - the first sign of the new moon rising) and managed a little more chilling out. With Islamabad only 50km aw",
The Tao Of Dino,2009-10-07,,Land's End,P1000247.JPG,Islamabad to Mumbai,"With all this work done we were ready to go. Although we were still nervous, every expert who examined Dino told us the chassis and the engine were in fantastic condition and we should be in great shape for our trip.","Dino's First Road Service 
 We didn't realise it at the time, but even as we set off Dino had his first minor issue, a slow puncture to one of his tyres. These had only done about 500 miles and at first we were worried t",yes
The Tao Of Dino,2009-10-07,,Pump it,dave_pump.jpg,Islamabad to Mumbai,"have to find more of these on the trip. For some reason Dino leaks oil into the air filter, and so one of our ongoing maintenance tasks is to clean the air filter every 500 miles or so, before the oil spoils the filter.","Next Stop Iran 
 Although we carried out a service in Romania, there was no need to change the oil, so 3000 miles later, in Tabriz, we also got Dino' s oil changed, by a garage owner who also owned a Defender! To change",
Bam Bam,2009-10-30,,Bibi Fatimata,bbfatima.JPG,Goa (near),"efore hand, and certainly next time Jenny is escorted off on her own to natural hot water springs that are a fertility aid, we will consider the implications further. But we're certainly not calling the baby Bibi Fatima!","It was as we crossed the border into Pakistan that we realised we needed some official confirmation of our suspicions, so in the dusty market town of Aliabad,near Karimabad, we popped into the Aga Khan Polyclinic, where",
Bam Bam,2009-10-30,,Bam Bam,scan.jpg,Goa (near),"Polyclinic, where we faced a nervous half hour wait. Once the result was confirmed we knew our trip would have to change somewhat. We were both ecstatic with the news, but unprepared for what this actually meant for us.","We have had several changes of plans since that day, all based on how Jenny was feeling and what she thought she could handle. She is as keen as Ollie to continue and finish the trip in Australia, but what we both don't",
Hindustan Zindabad,2009-11-08,,Aga Khan Health Centre,clinic.jpg,Islamabad to Mumbai,"with all this very present in our mind, we headed towards Karimabad, which we knew nestled a little above Aliabad, a town containing the Aga Khan Health Centre - were we could find out our which way the coin would land.","Inside the clinic Jenny had a very nervous 1 hour wait, first to get in the right queue and then to actually queue. The result of the test is well known now, but we were of course very shocked - even though taking such a",
Hindustan Zindabad,2009-11-08,,Indian guard,indian_guard.jpg,Islamabad to Mumbai,"The ministry of silly walks is accompanied by a non stop chant of 'Hindustan - zindabad!' - which essentially means long live Hindustan, which is taken up to answer cries of 'Pakistan - zindabad' from the other side.","The whole affair is a fantastic bit of pantomime, only brought back into sharp focus by the fact that this is two warring (although not having a declared war currently, there is a non stop dispute between India and Pakis",
Hindustan Zindabad,2009-11-08,,Ritz Pool,ritz_pool.jpg,Islamabad to Mumbai,"ue the trip with Jenny in her current state, would involve raising the comfort level a couple of bars. In reality we were both happy with this, but of course Ollie never let Jenny know that :) The Ritz it had to be then!","It may appear from the above writing that we were now getting more exited by hotel pools than by the amazing historical and religious features such as the Golden Temple, and this is in part true - but only on a temporary",
Hindustan Zindabad,2009-11-08,,Golden Temple,golden_temple.jpg,Islamabad to Mumbai,l from the Sikh's holiest books (which is actually broadcast non stop on national television too) accompanied by some beautiful sitar playing. The place is incredible and a must see for anyone within 1000kms of the area!,"Having had our souls cleansed, our bodies relaxed and Ollie's liver exercised we were ready to head onto our next target McCleod Gang, which is the exiled home of the Dalai Lama, and many other Tibetans who have crossed",
Hindustan Zindabad,2009-11-08,,Camel,camel.jpg,Islamabad to Mumbai,"most of the roads, but you will often meet it coming the wrong way, parked in the middle or just doing something totaly unexpected. In many ways it is fun to drive it, but at the end of a long day you are left exhausted.","Dalai Lama Hunt 
 We arrived at McCleod Gang tired, but happy to be alive, having completed our first full day of true Indian driving. We had heard that you could, if you were lucky, get an audience to some of the Dalai",
Hindustan Zindabad,2009-11-08,,Prayer Wheels,prayer_wheels.jpg,Islamabad to Mumbai,"ions. The town itself is a cross between little Tibet and Koh San Road, but it is amusing to sit, drinking cappuccino and watch middle aged women in full Tibetan garb, debating with monks, whilst Facebooking on the wifi!","But there is a more serious side as well, sat alongside the Tibetan temple is a very moving museum which tells the story of the suffering the Tibetan people have gone through since the Chinese invasion 50 odd years ago.",
Hindustan Zindabad,2009-11-08,,Tibetan art,tibetan_art.jpg,Islamabad to Mumbai,"indirectly through Chinese policies. We hate to make any 'right on' political statements through this website, but we believe it is essential that the world continues to listen to and tries to help the Tibetan struggle.",<< Previous Blog    Comment,
Sprint To Goa,2009-11-17,,Birdie,golf.jpg,Goa,"l the old Indians we met still called it Simla when speaking English. Clear?). On the map, positioned just before Shimla was apparently one of the highest golf courses in the world. Surely we should pop in and say hello.","So after an incredibly hard nine holes, where 4 balls and plenty of pride was lost, we returned to the clubhouse to be invited to tea with some of the clubs members. This was a real eye opener for us, because not only wa",
Sprint To Goa,2009-11-17,,Clubhouse,clubhouse.jpg,Goa,"f their lives, just as this trip has been for us. Of course, these guys did it without the internet, without GPSes, without mobile phones, and in many cases without maps. We take our hats off to you Dorothy and Joginder!","As well as these lovely people (whom we met again later in the week for more tea) Ollie was also asked to take part in the club competition that was running - ""The Dr Y S Parmar Memorial Foundation"" - but with Ollie's pr",
Sprint To Goa,2009-11-17,,Shimla,mainstreet.jpg,Goa,"tea) Ollie was also asked to take part in the club competition that was running - ""The Dr Y S Parmar Memorial Foundation"" - but with Ollie's pride still being nursed from the round, we decided to move onwards to Shimla.","Having stayed the night at the golf course we left with both of us feeling decidedly unwell, but luckily the drive to Shimla was only an hour. Arriving at the quaint hill city of Shimla is like arriving in a strange surr",
Sprint To Goa,2009-11-17,,Shimla Church,church.jpg,Goa,"e hills. And damn it, they weren't wrong! We loved the climate nestled on the hill, and enjoyed our little strolls along the English style main street, passed the red post office and underneath the custard yellow church.","Chandigarh
 From Shimla it was a short hop down to Chandigarh, India's most modern town, designed by Le Corbusier in the 1960's. For us though, it was a by product of this new town status that had drawn us here. Chadigar",
Sprint To Goa,2009-11-17,,Post Office,postoffice.jpg,Goa,"e hills. And damn it, they weren't wrong! We loved the climate nestled on the hill, and enjoyed our little strolls along the English style main street, passed the red post office and underneath the custard yellow church.","Chandigarh
 From Shimla it was a short hop down to Chandigarh, India's most modern town, designed by Le Corbusier in the 1960's. For us though, it was a by product of this new town status that had drawn us here. Chadigar",
Sprint To Goa,2009-11-17,,Canyon,canyon.jpg,Goa,"ction of the old village houses to make way for Modern Chandigarh. Once it was found, it was obvious that something special had been created and the garden now has a special place in Chandigarh's heart, but also history.",We think this place rocked! Gettit? Sorry :) Anyhow ... we arrived just after opening time (tip number one for visiting Indian tourist sites) and almost had the whole huge park to ourselves. It really is a stunning lands,
Sprint To Goa,2009-11-17,,Trees,trees.jpg,Goa,"ction of the old village houses to make way for Modern Chandigarh. Once it was found, it was obvious that something special had been created and the garden now has a special place in Chandigarh's heart, but also history.",We think this place rocked! Gettit? Sorry :) Anyhow ... we arrived just after opening time (tip number one for visiting Indian tourist sites) and almost had the whole huge park to ourselves. It really is a stunning lands,
Sprint To Goa,2009-11-17,,People,people.jpg,Goa,"recycling projects in India - and the tour that you take reveals huge chasms from nowhere, along with waterfall that you'd only expect to see in nature. The whole tour took us about 2 hours, and was thoroughly good fun.","Delhi, Mumbai and Goa 
 After Chandigarh we found that Jenny was ill with morning sickness most of the time, and Ollie wasn't much better with Delhi belly, and so our stops became much more abbreviated and often only inv",
Sprint To Goa,2009-11-17,,Hadiwar Ganges,haridwar1.JPG,Goa,"ioned room for Jenny. We did manage to celebrate Diwali in Hadiwar, a major religious town for Hindus - and so here we saw all the colourful saddhus congregated, ready to bathe in the Ganges (or ganga as they called it).","From Hadiwar it was our worst journey of the whole trip, with us arriving in Delhi after non stop five hour drive, with both of us having to sprint for the toilet of the first hotel we could find. (Un?)luckily for us it",
Sprint To Goa,2009-11-17,,Diwali Celebrations,haridwar2.JPG,Goa,"ioned room for Jenny. We did manage to celebrate Diwali in Hadiwar, a major religious town for Hindus - and so here we saw all the colourful saddhus congregated, ready to bathe in the Ganges (or ganga as they called it).","From Hadiwar it was our worst journey of the whole trip, with us arriving in Delhi after non stop five hour drive, with both of us having to sprint for the toilet of the first hotel we could find. (Un?)luckily for us it",
Sprint To Goa,2009-11-17,,Goa,happy couple.jpg,Goa,"t apartment, where we spend the evenings watching the sun sink into the sea, and discuss our future - a future that now involves words like job, house, and babysitter. A big change for us, but one we are very happy with.",<< Previous Blog    Comment     Next Blog >>,
All Good Things,2009-11-26,,Birdie,wierdos.jpg,Goa (near),"the town. It was then a centre for the Goan party scene, but since a ban on amplified music past 10pm has been introduced the town has become mixture of all things, but is peaceful enough for us oldies to get some sleep.","Our days here are beautifully simple, we get up, have a swim, and then spend the rest of the day eating, sleeping, reading and doing crosswords. Occasionally Ollie will have a drink as he watches the sun go down, and som",
All Good Things,2009-11-26,,Clubhouse,mooo.jpg,Goa (near),"ntastically merry Christmas and a beautiful new year. We thank everyone for their best wishes and hope that your worlds stay at peace until we join you again in the New Year. 
 
 Lots of Love 
 
 Ollie, Jenny and Bam Bam",<< Previous Blog    Comment,
Everybody Needs Good Neighbours,2010-03-21,,Birdie,Jolly.JPG,Goa (near),had already purchased our flight tickets and had a limited time. All we could do was thank them for a lovely evening and continue on down to Cochin. What a shame. Thanks Omer and the rest of you for a great night out :),"Kerala 
 Kerala is great! We loved arriving in this port state, that has an elected communist, and some of the best life stats for any area in India. All this comes at a price and Kerala has some of the worst financial s",
Everybody Needs Good Neighbours,2010-03-21,,Backwaters,backwaters.JPG,Goa (near),"y is the backwaters - a chain of lakes, lagoons and canals, both manmade and natural. You could probably spend weeks and months drifting about these beautiful waterways, but we only had one afternoon. We loved it though!","We also spent part of the day watching the mahouts washing the elephants down at a river. Although these creatures are best observed in their wild environment, it is still amazing to see these giants close up, and see th",
Everybody Needs Good Neighbours,2010-03-21,,Mahoots,mahoots.JPG,Goa (near),ure they receive when wallowing in water. The elephants are trained but no longer needed for forestry (although still used in places) and mainly earn their bananas making special guest appearances at religious festivals.,"So after fours days enjoying Kerala's laid back pace and warm beers, we packed Dino into a crate and prepared to fly to Thailand to meet our friends for a months R&R (as if we needed it!) and to celebrate Christmas in ci",
Everybody Needs Good Neighbours,2010-03-21,,Golden Cock,cock.JPG,Goa (near),"be found. And damn it - we hadn't eaten an English breakfast for 9 months. As you can all probably guess Ollie ate a few of these, although with Jenny's body now demanding more and more, he certainly wasn't eating alone!","We spent ten days on Samui, enjoying what we had come to call Western comforts in the East. As well as swimming and reading, Ollie found a golf course and managed to entertain himself there for almost a week, ensuring hi",
Everybody Needs Good Neighbours,2010-03-21,,Birdie,Birdie.JPG,Goa (near),"to call Western comforts in the East. As well as swimming and reading, Ollie found a golf course and managed to entertain himself there for almost a week, ensuring his reputation as a hardcore overlander was maintained.","After a week or so, we were once again joined by Russ, who had split up with Herbie in Bangladesh, and going to be spending Christmas and New Year with us and other friends over on Kan Phang Nan - the young people's isla",
Everybody Needs Good Neighbours,2010-03-21,,Xmas,Xmas.JPG,Goa (near),"joyed a lovely Christmas day with Russ, on a beachfront Italian restaurant, stuffing our faces and making snowmen. It was a lovely day and maybe our last normal Christmas. Although perhaps normal is the wrong word here!.",With Christmas been and gone it was now time to turn our minds to New Years Eve - what should a bunch of 30-40 years old do on NYE when staying in one of the world's party capitals. Well it was almost unanimous (Mr Hurco,
Everybody Needs Good Neighbours,2010-03-21,,Family Christmas,family christmas.JPG,Goa (near),"joyed a lovely Christmas day with Russ, on a beachfront Italian restaurant, stuffing our faces and making snowmen. It was a lovely day and maybe our last normal Christmas. Although perhaps normal is the wrong word here!.",With Christmas been and gone it was now time to turn our minds to New Years Eve - what should a bunch of 30-40 years old do on NYE when staying in one of the world's party capitals. Well it was almost unanimous (Mr Hurco,
Everybody Needs Good Neighbours,2010-03-21,,Chef,chef.JPG,Goa (near),"joyed a lovely Christmas day with Russ, on a beachfront Italian restaurant, stuffing our faces and making snowmen. It was a lovely day and maybe our last normal Christmas. Although perhaps normal is the wrong word here!.",With Christmas been and gone it was now time to turn our minds to New Years Eve - what should a bunch of 30-40 years old do on NYE when staying in one of the world's party capitals. Well it was almost unanimous (Mr Hurco,
Everybody Needs Good Neighbours,2010-03-21,,Bucket,bucke.JPG,Goa (near),"dribbling and slurring their words was enough amusement for the rest of us for us all to nearly miss 12 o'clock. Needless to say most of us spent news years day, as we nearly always do, in bed.... Jenny looked very smug!","So a big thanks go to our friends who came and saw us for this extra special Christmas - they made it even more special. Thanks Russ, Paul, Jen, Julia, Liza, Nig and Emma :) 
 Now, I'm sure you have guessed that we didn'",
Everybody Needs Good Neighbours,2010-03-21,,Dive,dive.JPG,Goa (near),lso managed to get in some some serious beachside relaxation. And as an added bonus Ollie managed to catch up with Jenny and become a qualified PADI diver. Woohoo - this is a long term investment into Jollyfollies Mk IV.,<< Previous Blog    Comment     Next Blog >>,
Diary,2007-09-02,,Jenny and Julia 26th January 2008,jenandjul.jpg,Lee Welding (near),"Link 
 Country 
 Title 
 Summary","UK 
 Merry Christmas, Happy New Year, Sorry for the Delay! 
 Summing up the last 3 months activity 
 
 
   
 UK 
 Yani Puni Mayo 
 Russian Lessons 
 
 
   
 UK 
 Vehicle Guide 
 Trip round the UK and a new clickable guid",
Diary,2007-09-02,,18th November 2007,classroom-739463.jpg,Lee Welding (near),"Link 
 Country 
 Title 
 Summary 
 
 
   
 UK 
 Merry Christmas, Happy New Year, Sorry for the Delay! 
 Summing up the last 3 months activity","UK 
 Yani Puni Mayo 
 Russian Lessons 
 
 
   
 UK 
 Vehicle Guide 
 Trip round the UK and a new clickable guide to Dino 
 
 
   
 UK 
 John O'Groats to Land's End: The Next Charity Event 
 Cycling from John O'Groats to",
Diary,2007-09-02,,7th October 2007,Oilly-735422.jpg,Lee Welding (near),"Link 
 Country 
 Title 
 Summary 
 
 
   
 UK 
 Merry Christmas, Happy New Year, Sorry for the Delay! 
 Summing up the last 3 months activity 
 
 
   
 UK 
 Yani Puni Mayo 
 Russian Lessons","UK 
 Vehicle Guide 
 Trip round the UK and a new clickable guide to Dino 
 
 
   
 UK 
 John O'Groats to Land's End: The Next Charity Event 
 Cycling from John O'Groats to Land's End, and other mad ramblings 
 
 
 Google",
Diary,2007-09-02,,9th September 2007,First-Training-Run-743077.gif,Lee Welding (near),"y Christmas, Happy New Year, Sorry for the Delay! 
 Summing up the last 3 months activity 
 
 
   
 UK 
 Yani Puni Mayo 
 Russian Lessons 
 
 
   
 UK 
 Vehicle Guide 
 Trip round the UK and a new clickable guide to Dino","UK 
 John O'Groats to Land's End: The Next Charity Event 
 Cycling from John O'Groats to Land's End, and other mad ramblings 
 
 
 Google Analytics 
 UK 
 Google Analytics - 2nd September 2007 
 Software for the website",
Diary,2007-09-02,,15th July 2007,mandl-770830.jpg,Lee Welding (near),"gle Analytics 
 UK 
 Google Analytics - 2nd September 2007 
 Software for the website and PDA 
 
 
 Shaking Up the Shake Down 
 UK 
 Shaking up the shake down - 17th July 2007 
 Thoughts on the shakedown trip to Portugal","Portugal, Spain and France 
 Two Weddings and a Stag Do 
 Off to Portugal for another Wedding. 
 
 
   
 UK 
 Shower Power 
 Dino to Foley's and some of our internet buddies 
 
 
   
 UK 
 £3000 Thank You Very Much 
 The",
Diary,2007-09-02,,10th June 2007,savanna-737648.jpg,Lee Welding (near),"ng Up the Shake Down 
 UK 
 Shaking up the shake down - 17th July 2007 
 Thoughts on the shakedown trip to Portugal 
 
 
   
 Portugal, Spain and France 
 Two Weddings and a Stag Do 
 Off to Portugal for another Wedding.","UK 
 Shower Power 
 Dino to Foley's and some of our internet buddies 
 
 
   
 UK 
 £3000 Thank You Very Much 
 The Marathon and some Dino problems 
 
 
   
 UK 
 Shire Land Rover Club Rocks 
 Crawling over Seven Sisters",
Diary,2007-09-02,,28th May 2007,118ollie-732219.jpg,Lee Welding (near),"ts on the shakedown trip to Portugal 
 
 
   
 Portugal, Spain and France 
 Two Weddings and a Stag Do 
 Off to Portugal for another Wedding. 
 
 
   
 UK 
 Shower Power 
 Dino to Foley's and some of our internet buddies","UK 
 £3000 Thank You Very Much 
 The Marathon and some Dino problems 
 
 
   
 UK 
 Shire Land Rover Club Rocks 
 Crawling over Seven Sisters 
 
 
   
 UK 
 Dino's Got Big Nuts 
 Mech course and route thoughts.",
Diary,2007-09-02,,19th March 2007,dino_and_friends-776972.jpg,Lee Welding (near),"Weddings and a Stag Do 
 Off to Portugal for another Wedding. 
 
 
   
 UK 
 Shower Power 
 Dino to Foley's and some of our internet buddies 
 
 
   
 UK 
 £3000 Thank You Very Much 
 The Marathon and some Dino problems","UK 
 Shire Land Rover Club Rocks 
 Crawling over Seven Sisters 
 
 
   
 UK 
 Dino's Got Big Nuts 
 Mech course and route thoughts. 
 
 
   
 UK 
 Happy (sober) New Year 
 Christmas pressies, off roading and more charity",
Diary,2007-09-02,,18th Feb 2007,Oily_jenny-758052.png,Lee Welding (near),"UK 
 Shower Power 
 Dino to Foley's and some of our internet buddies 
 
 
   
 UK 
 £3000 Thank You Very Much 
 The Marathon and some Dino problems 
 
 
   
 UK 
 Shire Land Rover Club Rocks 
 Crawling over Seven Sisters","UK 
 Dino's Got Big Nuts 
 Mech course and route thoughts. 
 
 
   
 UK 
 Happy (sober) New Year 
 Christmas pressies, off roading and more charity stuff 
 
 
   
 UK 
 Merry (Hic) Christmas Everyone 
 The Grim 8!",
Diary,2007-09-02,,15th January 2007,kellyandpotje-720643.jpg,Lee Welding (near),"UK 
 £3000 Thank You Very Much 
 The Marathon and some Dino problems 
 
 
   
 UK 
 Shire Land Rover Club Rocks 
 Crawling over Seven Sisters 
 
 
   
 UK 
 Dino's Got Big Nuts 
 Mech course and route thoughts.","UK 
 Happy (sober) New Year 
 Christmas pressies, off roading and more charity stuff 
 
 
   
 UK 
 Merry (Hic) Christmas Everyone 
 The Grim 8! 
 
 
   
 UK 
 Running Repairs 
 Fixing the leaking rooftent 
 
 
   
 UK",
Diary,2007-09-02,,23rd Decemver 2006,grim8_crew-785970.jpg,Lee Welding (near),"hire Land Rover Club Rocks 
 Crawling over Seven Sisters 
 
 
   
 UK 
 Dino's Got Big Nuts 
 Mech course and route thoughts. 
 
 
   
 UK 
 Happy (sober) New Year 
 Christmas pressies, off roading and more charity stuff","UK 
 Merry (Hic) Christmas Everyone 
 The Grim 8! 
 
 
   
 UK 
 Running Repairs 
 Fixing the leaking rooftent 
 
 
   
 UK 
 Crumpled 
 Learning Russian the hard way 
 
 
   
 UK 
 JustGiving to VSO 
 We set up our VSO",
Diary,2007-09-02,,22nd November 2006,landy2.jpg,Lee Welding (near),"UK 
 Dino's Got Big Nuts 
 Mech course and route thoughts. 
 
 
   
 UK 
 Happy (sober) New Year 
 Christmas pressies, off roading and more charity stuff 
 
 
   
 UK 
 Merry (Hic) Christmas Everyone 
 The Grim 8!","UK 
 Running Repairs 
 Fixing the leaking rooftent 
 
 
   
 UK 
 Crumpled 
 Learning Russian the hard way 
 
 
   
 UK 
 JustGiving to VSO 
 We set up our VSO justgiving page 
 
 
   
 UK 
 The Road to Recovery (Sydney)",
Diary,2007-09-02,,5th November 2006,broken_car-710760.JPG,Lee Welding (near),"hts. 
 
 
   
 UK 
 Happy (sober) New Year 
 Christmas pressies, off roading and more charity stuff 
 
 
   
 UK 
 Merry (Hic) Christmas Everyone 
 The Grim 8! 
 
 
   
 UK 
 Running Repairs 
 Fixing the leaking rooftent","UK 
 Crumpled 
 Learning Russian the hard way 
 
 
   
 UK 
 JustGiving to VSO 
 We set up our VSO justgiving page 
 
 
   
 UK 
 The Road to Recovery (Sydney) 
 Gall stones, learning stuff and why VSO 
 
 
   
 UK 
 And",
Diary,2007-09-02,,12th October 2006,Gall_stone-774874.jpg,Lee Welding (near),") Christmas Everyone 
 The Grim 8! 
 
 
   
 UK 
 Running Repairs 
 Fixing the leaking rooftent 
 
 
   
 UK 
 Crumpled 
 Learning Russian the hard way 
 
 
   
 UK 
 JustGiving to VSO 
 We set up our VSO justgiving page","UK 
 The Road to Recovery (Sydney) 
 Gall stones, learning stuff and why VSO 
 
 
   
 UK 
 And Now the Hard Work Begins 
 New Forest Half Marathon and saving cash 
 
 
   
 Ireland 
 This Ones for Jimla 
 Woohoo, around",
Diary,2007-09-02,,24th September 2006,B_and_l_Ol_NF_HMarathon-761453.jpg,Lee Welding (near),"rooftent 
 
 
   
 UK 
 Crumpled 
 Learning Russian the hard way 
 
 
   
 UK 
 JustGiving to VSO 
 We set up our VSO justgiving page 
 
 
   
 UK 
 The Road to Recovery (Sydney) 
 Gall stones, learning stuff and why VSO","UK 
 And Now the Hard Work Begins 
 New Forest Half Marathon and saving cash 
 
 
   
 Ireland 
 This Ones for Jimla 
 Woohoo, around Ireland we went! 
 
 
   
 UK 
 Escaping the Prison Bars 
 Adding a new route section",
Diary,2007-09-02,,10th September 2006,LandyonFerry-770419.jpg,Lee Welding (near),"ing to VSO 
 We set up our VSO justgiving page 
 
 
   
 UK 
 The Road to Recovery (Sydney) 
 Gall stones, learning stuff and why VSO 
 
 
   
 UK 
 And Now the Hard Work Begins 
 New Forest Half Marathon and saving cash","Ireland 
 This Ones for Jimla 
 Woohoo, around Ireland we went! 
 
 
   
 UK 
 Escaping the Prison Bars 
 Adding a new route section to the website 
 
 
   
 UK 
 It's Hot 
 Heatwave 
 
 
 Arrival of Thunderbird 4 
 UK",
Diary,2007-09-02,,7th August 2006,SunSet-763295.jpg,Lee Welding (near),"Recovery (Sydney) 
 Gall stones, learning stuff and why VSO 
 
 
   
 UK 
 And Now the Hard Work Begins 
 New Forest Half Marathon and saving cash 
 
 
   
 Ireland 
 This Ones for Jimla 
 Woohoo, around Ireland we went!","UK 
 Escaping the Prison Bars 
 Adding a new route section to the website 
 
 
   
 UK 
 It's Hot 
 Heatwave 
 
 
 Arrival of Thunderbird 4 
 UK 
 14th July 2006 
 We buy a canoe - the first of 3 (and counting) 
 
 
 Wha",
Diary,2007-09-02,,18th July 2006,bluesky-736478.jpg,Lee Welding (near),"he Hard Work Begins 
 New Forest Half Marathon and saving cash 
 
 
   
 Ireland 
 This Ones for Jimla 
 Woohoo, around Ireland we went! 
 
 
   
 UK 
 Escaping the Prison Bars 
 Adding a new route section to the website","UK 
 It's Hot 
 Heatwave 
 
 
 Arrival of Thunderbird 4 
 UK 
 14th July 2006 
 We buy a canoe - the first of 3 (and counting) 
 
 
 What's in a Name 
 UK 
 9th July 2006 
 Why Dino? 
 
 
 Helping VSO Help Others 
 UK",
Diary,2007-09-02,,30th June 2006,Richard Shows Jenny.jpg,Lee Welding (near),"rival of Thunderbird 4 
 UK 
 14th July 2006 
 We buy a canoe - the first of 3 (and counting) 
 
 
 What's in a Name 
 UK 
 9th July 2006 
 Why Dino? 
 
 
 Helping VSO Help Others 
 UK 
 4th July 2006 
 Why we choose VSO","UK 
 Birth of Dino 
 We buy our vehicle and name him Dino. Now we are really in the game! 
 
 
 Bagsie be Ewan 
 UK 
 17th June 2006 
 Discussions on creating the web page, overland trips and raising money for charity.",
Diary,2007-09-02,,17th May 2006,Ollie.jpg,Lee Welding (near),"a possible vehicle 
 
 
 Exciting Day 
 UK 
 31st May 2006 
 A couple of bits of good news 
 
 
 Website Design by Ollie aged 15 and a half 
 UK 
 23rd May 2006 
 Some vehicle considerations, and a change in the web look","UK 
 Updating Changes 
 First change of format 
 
 
   
 UK 
 1st Blog of the Trog 
 Ollie's first experimentation with an online existence",yes
Diary,2007-09-02,,9th May 2006,Cave.jpg,Lee Welding (near),"6 
 A couple of bits of good news 
 
 
 Website Design by Ollie aged 15 and a half 
 UK 
 23rd May 2006 
 Some vehicle considerations, and a change in the web look 
 
 
   
 UK 
 Updating Changes 
 First change of format","UK 
 1st Blog of the Trog 
 Ollie's first experimentation with an online existence",
Latest Blog,2008-01-24,,Jenny and Julia before the Grim 8,jenandjul.jpg,Lee Welding (near),,"Quick Update 
 
Well it's been a long old time since we made a blog update, so firstly apologies for not keeping this up to date. Hopefully from here we will be back on track. When we last posted Ollie was hobbling along",
Latest Blog,2008-01-24,,Jenny in New Forest,jennysitting.jpg,Lee Welding (near),"ry nights sleep, as well general lazing around. They are also mozzie proof, which will be a huge relief for Jenny, who could attract a mosquito at gin and tonic convention held on the Winter's Solstice at the North Pole.","Here Jennifer shows how a lady would enjoy a hammock in the new forest. 
 The pictures of Ollie in the hammock have been censored on the grounds of taste and decency 
 
 
 
   
 
 
 
 In a similar vein, we also picked up",
Latest Blog,2008-01-24,,River Test,canoe2.jpg,Lee Welding (near),"e us appear to be proper adventurers. 
 
 Ha ha, little will people know! The canoe has been tried out locally on the Test, and once O&J figure out left and right, will make a great addition to the Jollyfollies kit list.","Our final major new piece of kit was a leaving present to Ollie from his work, where he had been working for six years. Ollie's original plan had been to stay in his nice comfortable chair until Jolllyfollies set sail in",
About Us,,Jenny,Jenny%20Crab,Jenny%20Crab.jpg,,"has been doing this for eight years now. Ollie is a mad 
 keen sportsman, and plays any sport that his rather large body will allow 
 him. Jenny's main hobby is her garden, which she will sorely miss on leaving 
 the UK.",,
About Us,,Ollie,OlliePose2,OlliePose2.jpg,,"has been doing this for eight years now. Ollie is a mad 
 keen sportsman, and plays any sport that his rather large body will allow 
 him. Jenny's main hobby is her garden, which she will sorely miss on leaving 
 the UK.",,
Route,,The Route,Route%20Map,Route%20Map.gif,,"re highly dependent on the political 
 situation at the time of leaving. There are also other consdierations, 
 particularly how feasible it is to drive through China. Our mate Jonesy 
 should be able to help with this!.",,
UK,,Great Britain - 1st April 2009,UK,UK.gif,,"We will be setting off from Land's End on April
 Fool's Day 2009. Somehow this seems appropriate. We will slowly make
 our way up to Newcastle where we will catch our first ferry over to
 Gotherburg.","Enter: 
 Land's End 
 01/04/2009 
 
 
 Exit: 
 Newcastle 
 04/04/2009 
 
 
 Capital 
 London 
   
 
 
 Language 
 English 
   
 
 
 Hello 
 Hello 
   
 
 
 Currency 
 GB Pounds 
 GBP 
 
 
 Time 
 GMT 
   
 
 
 Population",
Vehicle,,,Ollie,Ollie.jpg,,"are getting, the final decision being 
 do we get an expedition ready vehicle or prepare it ourselves. Be sure 
 of one thin, as soon as we have brought it, we will post it here, as it 
 means we are definitely GOING :)","Further 
 Additions:",yes
Vehicle,,s,landy%20expedition,landy%20expedition.jpg,,"are getting, the final decision being 
 do we get an expedition ready vehicle or prepare it ourselves. Be sure 
 of one thin, as soon as we have brought it, we will post it here, as it 
 means we are definitely GOING :)","Further 
 Additions:",
index,,web page counters,Ollie%20and%20Dino%20Growling%20front,Ollie%20and%20Dino%20Growling%20front.jpg,,"ay, 2009. Keep up with the ebb and flow of their plan and keep in touch 
 via this website. The first big step for our intrepid couple is to choose 
 and buy their vehicle. Once this is done the journey really has begun.",,
About Us,,Who Are We?,Jenny with crabs,Jenny Crab.jpg,,"nd has been doing this for eight years now.
 Ollie is a mad keen sportsman, and plays any sport that his rather
 large body will allow him. Jenny's main hobby is her garden, which
 she will sorely miss on leaving the UK.","Last
 Updated 
 
 October 22, 2006",
Gallery,,,1st January 2008,thewifeandi.jpg,,,"Over Christmas 07 and New Year 2008 we played with our new toys, a canoe and a Hennessy Hammock. They both rock! . 
 
 
 
 
 Ollie runs the Bupa Great South Run in October 2007 and Jenny runs the Grim 8 at the start of D",
Gallery,,,October and December 2007,the5milepuddle.jpg,,"ed with our new toys, a canoe and a Hennessy Hammock. They both rock! . 
 
 
 
 
 Ollie runs the Bupa Great South Run in October 2007 and Jenny runs the Grim 8 at the start of December. Ollie has a sock note for this one","We travel round the country, firstly popping in and seeing our overland mentors Toby and Wendy. Then on through the Peddars Way to Norfolk. 
 
 
 
 
 Photos of our shakedown trip to Portugal to go to our friends Massey a",
Gallery,,,7th October 2007,thehelpers.jpg,,"ed with our new toys, a canoe and a Hennessy Hammock. They both rock! . 
 
 
 
 
 Ollie runs the Bupa Great South Run in October 2007 and Jenny runs the Grim 8 at the start of December. Ollie has a sock note for this one","We travel round the country, firstly popping in and seeing our overland mentors Toby and Wendy. Then on through the Peddars Way to Norfolk. 
 
 
 
 
 Photos of our shakedown trip to Portugal to go to our friends Massey a",
Gallery,,,30th June 2007,ourcamp.jpg,,"country, firstly popping in and seeing our overland mentors Toby and Wendy. Then on through the Peddars Way to Norfolk. 
 
 
 
 
 Photos of our shakedown trip to Portugal to go to our friends Massey and Bella's weddings","We weekend out on Salisbury plain with Nick and Vic from Langebaan Sunset 
 
 
 
 
 We took Dino down to Ollie's Dad's in Cornwall to fix a few minor issues. We ended up fixing one major issue as well. A UJ went as we we",yes
Gallery,,,3rd June 2007,howdeep.jpg,,"country, firstly popping in and seeing our overland mentors Toby and Wendy. Then on through the Peddars Way to Norfolk. 
 
 
 
 
 Photos of our shakedown trip to Portugal to go to our friends Massey and Bella's weddings","We weekend out on Salisbury plain with Nick and Vic from Langebaan Sunset 
 
 
 
 
 We took Dino down to Ollie's Dad's in Cornwall to fix a few minor issues. We ended up fixing one major issue as well. A UJ went as we we",
Gallery,,,6th April 2007,jennysdomain.jpg,,"Salisbury plain with Nick and Vic from Langebaan Sunset 
 
 
 
 
 We took Dino down to Ollie's Dad's in Cornwall to fix a few minor issues. We ended up fixing one major issue as well. A UJ went as we were driving along!","A fantastic weekend playing in Wales with the Shire LRC . Here we learnt a lot of offroading skills form some very knowledgable people. Grat value, great peaople, great fun! 
 
 
 
 
 Because neither Jenny nor Ollie knew",
Gallery,,,17th March 2007,bobcatinthewater.jpg,,"Salisbury plain with Nick and Vic from Langebaan Sunset 
 
 
 
 
 We took Dino down to Ollie's Dad's in Cornwall to fix a few minor issues. We ended up fixing one major issue as well. A UJ went as we were driving along!","A fantastic weekend playing in Wales with the Shire LRC . Here we learnt a lot of offroading skills form some very knowledgable people. Grat value, great peaople, great fun! 
 
 
 
 
 Because neither Jenny nor Ollie knew",
Gallery,,,3rd January 2007,whatanicecivilisedwaytoremovetheoil.jpg,,"offroading skills form some very knowledgable people. Grat value, great peaople, great fun! 
 
 
 
 
 Because neither Jenny nor Ollie knew the first thing about car mechanics we joined up for a class at a local college.","Olive and Ollie run the New Forest half marathon, shortly after Olive's wedding in Ireland, to Oli! 
 
 
 
 
 Ollie's Dad, who bears an uncanny resemblance to Pappa Smurf, identifies all the spare parts that came with Di",
Gallery,,,17th Sept 2006,DSC02740.JPG,,"offroading skills form some very knowledgable people. Grat value, great peaople, great fun! 
 
 
 
 
 Because neither Jenny nor Ollie knew the first thing about car mechanics we joined up for a class at a local college.","Olive and Ollie run the New Forest half marathon, shortly after Olive's wedding in Ireland, to Oli! 
 
 
 
 
 Ollie's Dad, who bears an uncanny resemblance to Pappa Smurf, identifies all the spare parts that came with Di",
Gallery,,,9th Sept 2006,DSC02725.JPG,,"t half marathon, shortly after Olive's wedding in Ireland, to Oli! 
 
 
 
 
 Ollie's Dad, who bears an uncanny resemblance to Pappa Smurf, identifies all the spare parts that came with Dino. Well we can only believe him.","We only managed 3 photos of our round Ireland trip, following Olive and Oli's wedding. 
 
 
 
 
 Our first few plays with Dino, in the New Forest 
   
 
 
 
 
   
 Russ and Ollie run the Reading half marathon",
Gallery,,,28th August 2006,lizaintheback.jpg,,"t half marathon, shortly after Olive's wedding in Ireland, to Oli! 
 
 
 
 
 Ollie's Dad, who bears an uncanny resemblance to Pappa Smurf, identifies all the spare parts that came with Dino. Well we can only believe him.","We only managed 3 photos of our round Ireland trip, following Olive and Oli's wedding. 
 
 
 
 
 Our first few plays with Dino, in the New Forest 
   
 
 
 
 
   
 Russ and Ollie run the Reading half marathon",
Gallery,,,1st Aug 2006,Jenny in Back of Dino.jpg,,"parts that came with Dino. Well we can only believe him. 
   
 
 
 
 
   
 We only managed 3 photos of our round Ireland trip, following Olive and Oli's wedding. 
 
 
 
 
 Our first few plays with Dino, in the New Forest",Russ and Ollie run the Reading half marathon,
Gallery,,,4th April 2006,DSC02205.JPG,,"parts that came with Dino. Well we can only believe him. 
   
 
 
 
 
   
 We only managed 3 photos of our round Ireland trip, following Olive and Oli's wedding. 
 
 
 
 
 Our first few plays with Dino, in the New Forest",Russ and Ollie run the Reading half marathon,
Links,,Current Trips,Land Rover Adventure,landroveradventure.gif,,RTW or OZ,"Andy and Karen who set off on 7th August. Andy's been giving me tonnes of tips - good fella! Ollie met up with them just before they left. Nice friendly couple. 
 
 
 Rest of
 the World 
 
 
   
 Check out their website",
Links,,Current Trips,Nessies,nessie.jpg,,"RTW or OZ 
 
 
   
 Andy and Karen who set off on 7th August. Andy's been giving me tonnes of tips - good fella! Ollie met up with them just before they left. Nice friendly couple. 
 
 
 Rest of
 the World","Check out their website for comprehensive planning guides. These guys have also been very nice in answering my primary school traveling questions. Check them out, drop them a mail .... 
 
 
   
 We met Ben a few months b",
Links,,Current Trips,Afritrex,afritrex.gif,,"Rest of
 the World 
 
 
   
 Check out their website for comprehensive planning guides. These guys have also been very nice in answering my primary school traveling questions. Check them out, drop them a mail ....","We met Ben a few months before he left. Him and his mate are doing lots of crazy things as they go through Africa. Marathons, summits, etc. 
 
 
 
  Past Trips of
 Interest  
 
 
 
 RTW or OZ 
 
 
   
 Have been chatting",
Links,,Current Trips,Lone Wolf,lonewolf.jpg,,"p them a mail .... 
 
 
   
 We met Ben a few months before he left. Him and his mate are doing lots of crazy things as they go through Africa. Marathons, summits, etc. 
 
 
 
  Past Trips of
 Interest  
 
 
 
 RTW or OZ","Have been chatting to Nick who is the man responsible for these guys at home. They have now finished. 
 
 
   
 Traveling in aid of ActionAid. Definitely a different perspective from the normal over lander. 
 
 
   
 RTW",
Links,,Current Trips,Antipodean Adventure,antipodeanadventure.gif,,"ings as they go through Africa. Marathons, summits, etc. 
 
 
 
  Past Trips of
 Interest  
 
 
 
 RTW or OZ 
 
 
   
 Have been chatting to Nick who is the man responsible for these guys at home. They have now finished.","Traveling in aid of ActionAid. Definitely a different perspective from the normal over lander. 
 
 
   
 RTW trip, now home after coming up against a wall of red tape in Central America .Started off my going to Oz. One o",
Links,,Current Trips,The Beasts,beastcollage.jpg,,"OZ 
 
 
   
 Have been chatting to Nick who is the man responsible for these guys at home. They have now finished. 
 
 
   
 Traveling in aid of ActionAid. Definitely a different perspective from the normal over lander.","RTW trip, now home after coming up against a wall of red tape in Central America .Started off my going to Oz. One of the first blogs we followed, sad to see them finish. 
 
 
 
 
 
 
 
 
 Lizzy and Roel's  Overland trip",
Links,,Current Trips,London To Sydney,londontosydney.jpg,,", sad to see them finish. 
 
 
 
 
 
 
 
 
 Lizzy and Roel's  Overland trip 2006 
 
 
 
 
 
 
 
 
 
 
 
 
 
 
 
 Dutch couple in 300Tdi went via Iran. Traveled round Oz and then Africa. Landie was for sale as of Jan 2008","Sponsored to get to Sydney, via Iran and
 China 
 
 
   
 Trip to Oz via Iran and India. Good guide
 to expedition planning. 
 
 
   
 
 Excellent website, finished trip in 2002.
 Via Iran, Pakistan and China 
 
 
   
 F",
Links,,Current Trips,Road to Recovery,roadtorecovery.jpg,,"'s  Overland trip 2006 
 
 
 
 
 
 
 
 
 
 
 
 
 
 
 
 Dutch couple in 300Tdi went via Iran. Traveled round Oz and then Africa. Landie was for sale as of Jan 2008 
 
 
   
 Sponsored to get to Sydney, via Iran and
 China","Trip to Oz via Iran and India. Good guide
 to expedition planning. 
 
 
   
 
 Excellent website, finished trip in 2002.
 Via Iran, Pakistan and China 
 
 
   
 Finished in 2004. Via Iran and India, including some very t",
Links,,Current Trips,Overland to Oz,overlandtooz.gif,,"went via Iran. Traveled round Oz and then Africa. Landie was for sale as of Jan 2008 
 
 
   
 Sponsored to get to Sydney, via Iran and
 China 
 
 
   
 Trip to Oz via Iran and India. Good guide
 to expedition planning.","Excellent website, finished trip in 2002.
 Via Iran, Pakistan and China 
 
 
   
 Finished in 2004. Via Iran and India, including some very thorough
 notes about what to take 
 
 
   
 Sophie's from our mechanics course.",
Links,,Current Trips,Landyman,landyman.jpg,,"8 
 
 
   
 Sponsored to get to Sydney, via Iran and
 China 
 
 
   
 Trip to Oz via Iran and India. Good guide
 to expedition planning. 
 
 
   
 
 Excellent website, finished trip in 2002.
 Via Iran, Pakistan and China","Finished in 2004. Via Iran and India, including some very thorough
 notes about what to take 
 
 
   
 Sophie's from our mechanics course. She left, on the Mongol Rally, in July 2007. She's going to be doing another trip",
Links,,Current Trips,Daisy,driving_miss_daisy.gif,,"od guide
 to expedition planning. 
 
 
   
 
 Excellent website, finished trip in 2002.
 Via Iran, Pakistan and China 
 
 
   
 Finished in 2004. Via Iran and India, including some very thorough
 notes about what to take","Sophie's from our mechanics course. She left, on the Mongol Rally, in July 2007. She's going to be doing another trip soon. 
 
 
   
 Lots of info on expedition planning and packing lists. 
 
 
 Rest of
 the World",
Links,,Current Trips,Jungle Runner,jungle.jpg,,"ed in 2004. Via Iran and India, including some very thorough
 notes about what to take 
 
 
   
 Sophie's from our mechanics course. She left, on the Mongol Rally, in July 2007. She's going to be doing another trip soon.","Lots of info on expedition planning and packing lists. 
 
 
 Rest of
 the World 
 
 
   
 South American trip, really good landy guide 
 
 
   
 Good engine and general trip guide. complete
 in 2004. To Cape Town 
 
 
 h",
Links,,Current Trips,Ihana,ihana.jpg,,"Sophie's from our mechanics course. She left, on the Mongol Rally, in July 2007. She's going to be doing another trip soon. 
 
 
   
 Lots of info on expedition planning and packing lists. 
 
 
 Rest of
 the World","South American trip, really good landy guide 
 
 
   
 Good engine and general trip guide. complete
 in 2004. To Cape Town 
 
 
 http://www.kenningtontocapetown.com/ 
 The stork that brought Dino into this world
 :)",
Links,,Current Trips,Expedition 4x4,expedition4x4.gif,,"the Mongol Rally, in July 2007. She's going to be doing another trip soon. 
 
 
   
 Lots of info on expedition planning and packing lists. 
 
 
 Rest of
 the World 
 
 
   
 South American trip, really good landy guide","Good engine and general trip guide. complete
 in 2004. To Cape Town 
 
 
 http://www.kenningtontocapetown.com/ 
 The stork that brought Dino into this world
 :) 
 
 
   
 Our mate Paul who rode through Africa on a motorb",
Links,,Current Trips,Paul,paul.jpg,,"South American trip, really good landy guide 
 
 
   
 Good engine and general trip guide. complete
 in 2004. To Cape Town 
 
 
 http://www.kenningtontocapetown.com/ 
 The stork that brought Dino into this world
 :)","Our mate Paul who rode through Africa on a motorbike 
 
 
   
 Another couple from Southampton. left in September 2006 
 
 
   
 Quite interesting watching this guy heading through Africa, as we nearly bought his vehicle",
Links,,Current Trips,Our African Odyssey,africaodd.jpg,,"d engine and general trip guide. complete
 in 2004. To Cape Town 
 
 
 http://www.kenningtontocapetown.com/ 
 The stork that brought Dino into this world
 :) 
 
 
   
 Our mate Paul who rode through Africa on a motorbike","Another couple from Southampton. left in September 2006 
 
 
   
 Quite interesting watching this guy heading through Africa, as we nearly bought his vehicle. It was a toss up between this and Dino. He ended up turning b",
Links,,Current Trips,Bill's African Antics,antics.gif,,"http://www.kenningtontocapetown.com/ 
 The stork that brought Dino into this world
 :) 
 
 
   
 Our mate Paul who rode through Africa on a motorbike 
 
 
   
 Another couple from Southampton. left in September 2006","Quite interesting watching this guy heading through Africa, as we nearly bought his vehicle. It was a toss up between this and Dino. He ended up turning back half way down. 
 
 
   
 Their landy was called Dino too! Thro",
Links,,Current Trips,Long Road Trip South,longroadtripsouth.gif,,"m Southampton. left in September 2006 
 
 
   
 Quite interesting watching this guy heading through Africa, as we nearly bought his vehicle. It was a toss up between this and Dino. He ended up turning back half way down.","Their landy was called Dino too! Through Africa with some very interesting blog updates. If your an overlanding geek that is :) 
 
 
   
 Bron and Andrew -This trip seemed to have a lot of problems. The website seems to",
Links,,Current Trips,4X4 Africa,4x4africa.jpg,,"e. It was a toss up between this and Dino. He ended up turning back half way down. 
 
 
   
 Their landy was called Dino too! Through Africa with some very interesting blog updates. If your an overlanding geek that is :)","Bron and Andrew -This trip seemed to have a lot of problems. The website seems to be in the process of becoming an overlanding tips website. 
 
 
   
   
 
 
 
   
 
 
 
 RTW or OZ 
 
 
   
   
 
 
 Rest of
 the World",
Links,,Future Trips,Nick and Vic at Laangaban Sunset,laang.jpg,,"Bron and Andrew -This trip seemed to have a lot of problems. The website seems to be in the process of becoming an overlanding tips website. 
 
 
   
   
 
 
 
   
 
 
 
 RTW or OZ 
 
 
   
   
 
 
 Rest of
 the World","Nick and Vicki - leave in 2010 for South
 Africa 
 
 
   
 Driving via the Beijing Olympics. With kids in tow. Looks like crazy fun! 
 
 
   
   
 
 
 
   
 
 
 
 The Experts 
 
 
   
 Stuart and Paul couldn't be more he",
Links,,Future Trips,Drive-to-Oz,drivetooz.jpg,,"ems. The website seems to be in the process of becoming an overlanding tips website. 
 
 
   
   
 
 
 
   
 
 
 
 RTW or OZ 
 
 
   
   
 
 
 Rest of
 the World 
 
 
   
 Nick and Vicki - leave in 2010 for South
 Africa","Driving via the Beijing Olympics. With kids in tow. Looks like crazy fun! 
 
 
   
   
 
 
 
   
 
 
 
 The Experts 
 
 
   
 Stuart and Paul couldn't be more helpful. Having been to a couple of other garages this ia by",
Links,,Landy Stuff,Foleys,foleys.jpg,,"Rest of
 the World 
 
 
   
 Nick and Vicki - leave in 2010 for South
 Africa 
 
 
   
 Driving via the Beijing Olympics. With kids in tow. Looks like crazy fun! 
 
 
   
   
 
 
 
   
 
 
 
 The Experts",Stuart and Paul couldn't be more helpful. Having been to a couple of other garages this ia by far the most expedition focused. We have had a lot of work done by them already and will be going back for more. Don't make th,
Links,,Landy Stuff,Penwith 4x4,penwith4x4.jpg,,he most expedition focused. We have had a lot of work done by them already and will be going back for more. Don't make the same mistake as we did and not go to them because they are too far away. They are worth the trip!,"My mate James the flying winger. He's done lots of work on Dino, and been very helpful. Cornwall's premier 4x4 man! 
 
 
   
 Our local Land Rover club. Have made us feel most welcome, and well worth joining",
Links,,Landy Stuff,Shire LRC,shire.jpg,,"e mistake as we did and not go to them because they are too far away. They are worth the trip! 
 
 
   
 My mate James the flying winger. He's done lots of work on Dino, and been very helpful. Cornwall's premier 4x4 man!","Our local Land Rover club. Have made us feel most welcome, and well worth joining 
 
 
   
   
 
 
 
   
 
 
 
 Traveling
 Information 
 
 
   
 Top notch site. If your traveling round
 the world in a vehicle and have a",
Links,,Information,Africa Overland,africaoverland.jpg,,"ne lots of work on Dino, and been very helpful. Cornwall's premier 4x4 man! 
 
 
   
 Our local Land Rover club. Have made us feel most welcome, and well worth joining 
 
 
   
   
 
 
 
   
 
 
 
 Traveling
 Information","Top notch site. If your traveling round
 the world in a vehicle and have a website you need to be on here!
 Most of these sites were found here. 
 
 
   
 Again A1 place for information. Also has the HUBB, the best bulle",
Links,,Information,The HUBB,hubb.jpg,,"orth joining 
 
 
   
   
 
 
 
   
 
 
 
 Traveling
 Information 
 
 
   
 Top notch site. If your traveling round
 the world in a vehicle and have a website you need to be on here!
 Most of these sites were found here.","Again A1 place for information. Also has the HUBB, the best bulletin
 board ever. 
 
 
 
   
 
 
 
 Spend Money
 Here 
 
 
   
 Off road training with the experts 
 
 
   
 More off road training 
 
 
   
 Cheap plastic",
Links,,Shopping,Land Rover Expereince,lre.png,,"n a vehicle and have a website you need to be on here!
 Most of these sites were found here. 
 
 
   
 Again A1 place for information. Also has the HUBB, the best bulletin
 board ever. 
 
 
 
   
 
 
 
 Spend Money
 Here","Off road training with the experts 
 
 
   
 More off road training 
 
 
   
 Cheap plastic boxes for the back of the landy. We got all our Really Useful Boxes from here. 
 
 
   
 Chandlery for stuff ??!!?? 
 
 
   
 Gr",
Links,,Shopping,Overland Experience,overland.jpg,,"on here!
 Most of these sites were found here. 
 
 
   
 Again A1 place for information. Also has the HUBB, the best bulletin
 board ever. 
 
 
 
   
 
 
 
 Spend Money
 Here 
 
 
   
 Off road training with the experts","More off road training 
 
 
   
 Cheap plastic boxes for the back of the landy. We got all our Really Useful Boxes from here. 
 
 
   
 Chandlery for stuff ??!!?? 
 
 
   
 Great,cheap training and days out 
 
 
   
 Cam",
Links,,Shopping,Solent Plastics,solent.jpg,,"re found here. 
 
 
   
 Again A1 place for information. Also has the HUBB, the best bulletin
 board ever. 
 
 
 
   
 
 
 
 Spend Money
 Here 
 
 
   
 Off road training with the experts 
 
 
   
 More off road training","Cheap plastic boxes for the back of the landy. We got all our Really Useful Boxes from here. 
 
 
   
 Chandlery for stuff ??!!?? 
 
 
   
 Great,cheap training and days out 
 
 
   
 Camping Stuff 
 
 
   
 More Camping",
Links,,Shopping,Land Rover Adventure Club,lrac.gif,,"re 
 
 
   
 Off road training with the experts 
 
 
   
 More off road training 
 
 
   
 Cheap plastic boxes for the back of the landy. We got all our Really Useful Boxes from here. 
 
 
   
 Chandlery for stuff ??!!??","Great,cheap training and days out 
 
 
   
 Camping Stuff 
 
 
   
 More Camping Stuff 
 
 
   
 Maps and books about traveling 
 
 
   
 Army surplus stuff 
 
 
   
 Batteries and Stuff 
 
 
 
   
 
 
 
 Other Websites",
Links,,Shopping,Action Outdoors,actionoutdoors.jpg,,"rts 
 
 
   
 More off road training 
 
 
   
 Cheap plastic boxes for the back of the landy. We got all our Really Useful Boxes from here. 
 
 
   
 Chandlery for stuff ??!!?? 
 
 
   
 Great,cheap training and days out","Camping Stuff 
 
 
   
 More Camping Stuff 
 
 
   
 Maps and books about traveling 
 
 
   
 Army surplus stuff 
 
 
   
 Batteries and Stuff 
 
 
 
   
 
 
 
 Other Websites We Have Used 
 
 
   
 Host our videos",
Links,,Shopping,Itchy Feet,itchy.jpg,,"oad training 
 
 
   
 Cheap plastic boxes for the back of the landy. We got all our Really Useful Boxes from here. 
 
 
   
 Chandlery for stuff ??!!?? 
 
 
   
 Great,cheap training and days out 
 
 
   
 Camping Stuff","More Camping Stuff 
 
 
   
 Maps and books about traveling 
 
 
   
 Army surplus stuff 
 
 
   
 Batteries and Stuff 
 
 
 
   
 
 
 
 Other Websites We Have Used 
 
 
   
 Host our videos 
 
 
   
 Got our flag graphi",
Links,,Shopping,Stanfords,stanfords.jpg,,"plastic boxes for the back of the landy. We got all our Really Useful Boxes from here. 
 
 
   
 Chandlery for stuff ??!!?? 
 
 
   
 Great,cheap training and days out 
 
 
   
 Camping Stuff 
 
 
   
 More Camping Stuff","Maps and books about traveling 
 
 
   
 Army surplus stuff 
 
 
   
 Batteries and Stuff 
 
 
 
   
 
 
 
 Other Websites We Have Used 
 
 
   
 Host our videos 
 
 
   
 Got our flag graphics from here. Very handy site",
Links,,Shopping,Surplus and Outdoors,surplus.jpg,,"We got all our Really Useful Boxes from here. 
 
 
   
 Chandlery for stuff ??!!?? 
 
 
   
 Great,cheap training and days out 
 
 
   
 Camping Stuff 
 
 
   
 More Camping Stuff 
 
 
   
 Maps and books about traveling","Army surplus stuff 
 
 
   
 Batteries and Stuff 
 
 
 
   
 
 
 
 Other Websites We Have Used 
 
 
   
 Host our videos 
 
 
   
 Got our flag graphics from here. Very handy site",
Links,,Shopping,National Luna,natluna.gif,,"Boxes from here. 
 
 
   
 Chandlery for stuff ??!!?? 
 
 
   
 Great,cheap training and days out 
 
 
   
 Camping Stuff 
 
 
   
 More Camping Stuff 
 
 
   
 Maps and books about traveling 
 
 
   
 Army surplus stuff","Batteries and Stuff 
 
 
 
   
 
 
 
 Other Websites We Have Used 
 
 
   
 Host our videos 
 
 
   
 Got our flag graphics from here. Very handy site",
Links,,Miscellaneous,You Tube,youtube.jpg,,"training and days out 
 
 
   
 Camping Stuff 
 
 
   
 More Camping Stuff 
 
 
   
 Maps and books about traveling 
 
 
   
 Army surplus stuff 
 
 
   
 Batteries and Stuff 
 
 
 
   
 
 
 
 Other Websites We Have Used","Host our videos 
 
 
   
 Got our flag graphics from here. Very handy site",
Links,,Miscellaneous,World Flag Database,flags.jpg,,"Camping Stuff 
 
 
   
 More Camping Stuff 
 
 
   
 Maps and books about traveling 
 
 
   
 Army surplus stuff 
 
 
   
 Batteries and Stuff 
 
 
 
   
 
 
 
 Other Websites We Have Used 
 
 
   
 Host our videos",Got our flag graphics from here. Very handy site,
2 Bottom radiator hose,,Part Nr 2: Bottom Radiator Hose,Bottom Radiator Hose,Bottom Radiator Hose.jpg,,"0,000 for VSO through corporate and 
 personal sponsorship.  
   
   
     
 
 
 
 
 
 
   
     
   
   
       
 
   
  This is a hose for the radiator that will attatch
 to the water pump and includes the heater hose.","Last
 Updated 
 
 October 3, 2006",
Spares Inventory,,Visit VSO,Vehicle,Vehicle_f2.gif,,"Jenny and Ollie's Big Trip 
 



 

 
 
 
 
 
   
   
   
   
   
   
 
 
   
 
 
 
   
   
   
   
   
  Jenny and Ollie 
 wish to raise £30,000 for VSO through corporate and 
 personal sponsorship.","Having carried around three boxes of spares
 for the past few months we decided that it makes sense to investigate
 what they are. We have very little experience of anything mechnical,
 Ollie in particular, so we decided",
Kit,,,Hammock,hammock.jpg,,"is a great hammock. It's multifunctional as a chair and tent, easy to set up and incredibly comfortable. It's probably at the luxury end of overlanding kit, but well worth it and for us has become essential. 
 About £100","***** 
 
 
 Pegless Clothes Line 
 Twisty elasticated stuff to stretch across the landy, to dry ones undergarments and the likes. We love this! Bring two or three. 
 £2.50 
   
 ***** 
 
 
 Travel Towel 
 Smaller, less f",
Kit,,,Washing Line,washing_line.jpg,,"for us has become essential. 
 About £100 
   
 ***** 
 
 
 Pegless Clothes Line 
 Twisty elasticated stuff to stretch across the landy, to dry ones undergarments and the likes. We love this! Bring two or three. 
 £2.50","***** 
 
 
 Travel Towel 
 Smaller, less fluffy version of the well known drying implement. Ollie uses one, whereas Jenny sticks with the original, mainly as she has more room in her clothes box, due to the size of Ollie",
Kit,,,Towel,Travel_towel.jpg,,"inal, mainly as she has more room in her clothes box, due to the size of Ollie's boxers. Ollie is a big fan of the towel, and it certainly dries him well. It takes less room than the original, and dries quicker. 
 £18.99","**** 
 
 
 Toothbrush and toothpaste holde r 
 This keeps fluff away from your toothbrush and stops your toothpaste from exploding over your flannel. These certainly do the job, but are limited in that when you pack a to",
Kit,,,Toothbrush holder,toothbrush_holder.jpg,,"in that when you pack a toothbrush and a tube of toothpaste together, you can only use a small tube of toothpaste. We are also considering buying a couple of these for the kitchen, for garlic paste and tomato puree. 
 £3","*** 
 
 
 Waeco Combicool 40 
 This is not suited to the overlander I'm afraid. We have given it a fair run and it has two main disadvantages. Firstly it will drain your auxiliary battery overnight, meaning that unless y",
Kit,,,Waeco,Waeco.jpg,,"not going to get very cold as soon as it warms up! It can be run off camping gas, but that is a right royal pain! I believe that Waeco do do a more appropriate fridge, but we have gone for an Engel, see below. 
 £169.99","* 
 
 
 Engel MT45 40L fridge 
 Our Engel kicks ass! After the disappointment of the Waeco, having the all singing all dancing Engel is just pure refrigeration bliss. The fridge is well up to the job. It lasts us 2 or 3",
Kit,,,Engel,Engel.jpg,,", putting up with our 3 visits to his stall, and explaining the good and bad points of all his stock. There was no salesman's patter, just friendly advice and interest in our trip. Go see him if you want a fridge! 
 £500","**** 
 
 
 Kelly Kettle 
 A Kelly Kettle (or Storm or Volcano Kettle) is a device for boiling water outside, taking advantage of rather than fighting any breeze that is around. We love ours, it boils water as fast or fas",
Kit,,,Kelly Kettle,kellykettle.jpg,,"aster than our gas stove, and is much more fun. It's a good excuse to carry a small axe with you. One point though, don't buy the extra pots and pans that come with it, they are useless. The kettle is great though. 
 £50","**** 
 
 
 Dell Axim X5 PDA and GPS 
 We bought this to experiment with GPS on our Portugal shake down trip. Although it was great to start with, and allowed us to learn some about the very basics of GPS, the PDA just wa",
Kit,,,Axim PDA,axim.jpg,,"start with, and allowed us to learn some about the very basics of GPS, the PDA just wasn't up to the load we placed on it. We have upgraded to a PDA with more umpf, the Fujitsu-Siemens Pocket Loox N56o, see below. 
 £100","** 
 
 
 Fujitsu Siemens Pocket Loox N560 
 Personally we think this is our most sexy bit of kit. It is a PDA with integrated GPS/Bluetooth/Wifi. With 624Mhz it has the processing power to deal with all the applications",
Kit,,,Pocket LOOX,LOOX.jpg,,"is sensitive enough to get a location lock inside our house. We use memory map for UK mapping, I-GO for Sat-Nav and will use Ozieplorer for mapping past Russia. I-GO gives city level mapping all the way to Russia. 
 £300","***** 
 
 
 Fujitsu Siemens Loox N560 - Battery Extender 
 Using the Pocket Loox when cycling and walking we soon realised that we could do with some battery back up. Although you can dim the screen and clock the process",
Kit,,,PDA charger,pda_charger.jpg,,"now you can use the device as much as you like. This baby gives 4-5 charges from 4 AA batteries. Having already bought a car full of rechargeable batteries, this was the ideal solution for us. We got this from eBay. 
 £6","**** 
 
 
 Solar Shower 
 Another beautifully simple idea - let the water heat up all day in the sun, then let gravity pump it down on you. You won't get much better value for a tenner anywhere. We've also got the electr",
Kit,,,Solar Shower,solar_shower.jpg,,"er heat up all day in the sun, then let gravity pump it down on you. You won't get much better value for a tenner anywhere. We've also got the electric shower fitted to our water filter, but will take this as well. 
 £10","**** 
 
 
 Notebook BBQ 
 This is so good you wonder why it hasn't always existed. Folded up, this is the size of a laptop, but when unpacked makes a BBQ big enough to deal with four, or possibly more, hungry overlanders",
Kit,,,bbq,notebook_bbq_small.jpg,,"en unpacked makes a BBQ big enough to deal with four, or possibly more, hungry overlanders. We originally bought it to use before we go away, but are so impressed with it we will take it, or a replacement, with us. 
 £20","**** 
 
 
 Rechargeable Batteries and charger 
 We got a Maha charger on recommendation and 1100Mah for AAA and 2700Mah for AA. We already had some lower capacity batteries, and these really did not cut the mustard. Spen",
Kit,,,Battery Charger,battery_charger.jpg,,"es and charger 
 We got a Maha charger on recommendation and 1100Mah for AAA and 2700Mah for AA. We already had some lower capacity batteries, and these really did not cut the mustard. Spend the money get the bang! 
 £20","**** 
 
 
 250GB Western Digital Hard Drive 
 Lovely bit of kit. Receives charge from the USB, fits into a shirt pocket and 250GB. Also automatically backs up your system. We will be taking this to help with backing up p",
Kit,,,Hard Drive,hard_disk.jpg,,"rd Drive 
 Lovely bit of kit. Receives charge from the USB, fits into a shirt pocket and 250GB. Also automatically backs up your system. We will be taking this to help with backing up photos and important software 
 £100","*** 
 
 
 Electric pump/filter/shower 
 Hmm - We do like this, but think that certainly this could be one place that the money isn't really worth it. We bought it second hand and had Foley's fit it. So perhaps we could h",
Kit,,,Shower,shower.jpg,,"the vehicle, which is fairly handy. The down sides being that the tap has little pressure, and if you want a hot shower then all the water in the tank has to be heated up. Apart from that it is a nice bit of kit. 
 £300","*** 
 
 
 Toshiba Tecra M4 
 Well we got this from eBay and it's worked a treat. RRP of £1000+ , we were originally thinking about a toughbook, but this was out of our price region for the spec we wanted. We were recomme",
Kit,,,Laptop,laptop.jpg,,"t a toughbook, but this was out of our price region for the spec we wanted. We were recommended this on the Hubb and have no complaints. We are using it for all our blogging, photo, music, movie and mapping needs. 
 £600","**** 
 
 
 Air Jack 
 Well, we don't have a photo of this as it blew up the first time we used it. Not only did it go with a massive bang, but it was just as we were about to put the supports in place and we were lucky n",
Kit,,,Inflatable Canoe,canoe.jpg,,"ve been because the large lump of Ollie was placed at the front of the canoe. If we find out that this issue is resolved by swapping places then this canoe will deservedly earn another prestigious Jollyfolly star! 
 £400","*** 
 
 
 Leatherman Charge 
 Until Ollie received this as a leaving present from his colleagues at work we had made do with a £2.99 garage bought imitation, which had jut about done all we had asked. We had never expect",
Kit,,,Leatherman Charge,leatherman.jpg,,"of our water jerry cans, which it did easily. 
 One this to note is that the charge has several variants, one of which does not come with a pair of scissors. Our preference is to have the scissors. 
 About £100 from eBay","**** 
 
 
 Lowe Alpine Gortex Coat 
 Keeping warm and dry is a vital requirement for the overlander. Until recently Ollie had only used a couple of freebie waterproofs, but this Christmas Jenny got him a dogs ballax Lowe",
Kit,,,Lowe Alpine Coat,ollie_coat.jpg,,"terproof, windproof and breathable stuff, but it has great hidden pockets! It also can be connected to a fleece to allow the long taught mountain technique of layering to be followed. Ollie just likes the pockets. 
 £160",*****,
Route 1,,,Union Jack,UNKG0001.gif,,For entry dates hoover mouse over flags,"UK 
 Holland 
 Germany 
 
 
 
 
   
 
 
   
   
   
 
 
 Poland 
 Lithuania 
 Latvia 
 
 
 
 
   
 
 
   
   
   
 
 
 Estonia 
 Russia 
 Kazakhstan 
 
 
 
 
   
 
 
   
 
   
   
 
 
 Kyrgyzstan 
 Tajikistan 
 Uzbebista",
Route 1,,,1st April 2009,NETH0001.gif,,For entry dates hoover mouse over flags,"UK 
 Holland 
 Germany 
 
 
 
 
   
 
 
   
   
   
 
 
 Poland 
 Lithuania 
 Latvia 
 
 
 
 
   
 
 
   
   
   
 
 
 Estonia 
 Russia 
 Kazakhstan 
 
 
 
 
   
 
 
   
 
   
   
 
 
 Kyrgyzstan 
 Tajikistan 
 Uzbebista",
Route 1,,,8th April 2009,GERM0001.gif,,For entry dates hoover mouse over flags,"UK 
 Holland 
 Germany 
 
 
 
 
   
 
 
   
   
   
 
 
 Poland 
 Lithuania 
 Latvia 
 
 
 
 
   
 
 
   
   
   
 
 
 Estonia 
 Russia 
 Kazakhstan 
 
 
 
 
   
 
 
   
 
   
   
 
 
 Kyrgyzstan 
 Tajikistan 
 Uzbebista",
Route 1,,,25th April 2009,POLA0001.gif,,"For entry dates hoover mouse over flags 
 
 
 
   
   
   
 
 
 UK 
 Holland 
 Germany","Poland 
 Lithuania 
 Latvia 
 
 
 
 
   
 
 
   
   
   
 
 
 Estonia 
 Russia 
 Kazakhstan 
 
 
 
 
   
 
 
   
 
   
   
 
 
 Kyrgyzstan 
 Tajikistan 
 Uzbebistan 
 
 
   
 
 
 
 
   
   
   
 
 
 Turkmenistan 
 Iran",
Route 1,,,2nd May 2009,LITH0001.gif,,"For entry dates hoover mouse over flags 
 
 
 
   
   
   
 
 
 UK 
 Holland 
 Germany","Poland 
 Lithuania 
 Latvia 
 
 
 
 
   
 
 
   
   
   
 
 
 Estonia 
 Russia 
 Kazakhstan 
 
 
 
 
   
 
 
   
 
   
   
 
 
 Kyrgyzstan 
 Tajikistan 
 Uzbebistan 
 
 
   
 
 
 
 
   
   
   
 
 
 Turkmenistan 
 Iran",
Route 1,,,6th May 2009,LATV0001.gif,,"For entry dates hoover mouse over flags 
 
 
 
   
   
   
 
 
 UK 
 Holland 
 Germany","Poland 
 Lithuania 
 Latvia 
 
 
 
 
   
 
 
   
   
   
 
 
 Estonia 
 Russia 
 Kazakhstan 
 
 
 
 
   
 
 
   
 
   
   
 
 
 Kyrgyzstan 
 Tajikistan 
 Uzbebistan 
 
 
   
 
 
 
 
   
   
   
 
 
 Turkmenistan 
 Iran",
Route 1,,,9th May 2009,ESTN0001.gif,,"For entry dates hoover mouse over flags 
 
 
 
   
   
   
 
 
 UK 
 Holland 
 Germany 
 
 
 
 
   
 
 
   
   
   
 
 
 Poland 
 Lithuania 
 Latvia","Estonia 
 Russia 
 Kazakhstan 
 
 
 
 
   
 
 
   
 
   
   
 
 
 Kyrgyzstan 
 Tajikistan 
 Uzbebistan 
 
 
   
 
 
 
 
   
   
   
 
 
 Turkmenistan 
 Iran 
 Pakistan 
 
 
   
 
 
 
 
   
   
   
 
 
 China 
 Laos 
 Cam",
Route 1,,,13th May 2009,RUSS0001.gif,,"For entry dates hoover mouse over flags 
 
 
 
   
   
   
 
 
 UK 
 Holland 
 Germany 
 
 
 
 
   
 
 
   
   
   
 
 
 Poland 
 Lithuania 
 Latvia","Estonia 
 Russia 
 Kazakhstan 
 
 
 
 
   
 
 
   
 
   
   
 
 
 Kyrgyzstan 
 Tajikistan 
 Uzbebistan 
 
 
   
 
 
 
 
   
   
   
 
 
 Turkmenistan 
 Iran 
 Pakistan 
 
 
   
 
 
 
 
   
   
   
 
 
 China 
 Laos 
 Cam",
Route 1,,,3rd June 2009,KAZK0001.gif,,"For entry dates hoover mouse over flags 
 
 
 
   
   
   
 
 
 UK 
 Holland 
 Germany 
 
 
 
 
   
 
 
   
   
   
 
 
 Poland 
 Lithuania 
 Latvia","Estonia 
 Russia 
 Kazakhstan 
 
 
 
 
   
 
 
   
 
   
   
 
 
 Kyrgyzstan 
 Tajikistan 
 Uzbebistan 
 
 
   
 
 
 
 
   
   
   
 
 
 Turkmenistan 
 Iran 
 Pakistan 
 
 
   
 
 
 
 
   
   
   
 
 
 China 
 Laos 
 Cam",
Route 1,,,17th June 2009,KYRG0001.gif,,"For entry dates hoover mouse over flags 
 
 
 
   
   
   
 
 
 UK 
 Holland 
 Germany 
 
 
 
 
   
 
 
   
   
   
 
 
 Poland 
 Lithuania 
 Latvia 
 
 
 
 
   
 
 
   
   
   
 
 
 Estonia 
 Russia 
 Kazakhstan","Kyrgyzstan 
 Tajikistan 
 Uzbebistan 
 
 
   
 
 
 
 
   
   
   
 
 
 Turkmenistan 
 Iran 
 Pakistan 
 
 
   
 
 
 
 
   
   
   
 
 
 China 
 Laos 
 Cambodia 
 
 
   
   
   
 
 
   
   
   
 
 
 Thailand 
 Malaysia",
Route 1,,,24th June 2009,TAJK0001.gif,,"For entry dates hoover mouse over flags 
 
 
 
   
   
   
 
 
 UK 
 Holland 
 Germany 
 
 
 
 
   
 
 
   
   
   
 
 
 Poland 
 Lithuania 
 Latvia 
 
 
 
 
   
 
 
   
   
   
 
 
 Estonia 
 Russia 
 Kazakhstan","Kyrgyzstan 
 Tajikistan 
 Uzbebistan 
 
 
   
 
 
 
 
   
   
   
 
 
 Turkmenistan 
 Iran 
 Pakistan 
 
 
   
 
 
 
 
   
   
   
 
 
 China 
 Laos 
 Cambodia 
 
 
   
   
   
 
 
   
   
   
 
 
 Thailand 
 Malaysia",
Route 1,,,8th July 2009,UZBK0001.gif,,"For entry dates hoover mouse over flags 
 
 
 
   
   
   
 
 
 UK 
 Holland 
 Germany 
 
 
 
 
   
 
 
   
   
   
 
 
 Poland 
 Lithuania 
 Latvia 
 
 
 
 
   
 
 
   
   
   
 
 
 Estonia 
 Russia 
 Kazakhstan","Kyrgyzstan 
 Tajikistan 
 Uzbebistan 
 
 
   
 
 
 
 
   
   
   
 
 
 Turkmenistan 
 Iran 
 Pakistan 
 
 
   
 
 
 
 
   
   
   
 
 
 China 
 Laos 
 Cambodia 
 
 
   
   
   
 
 
   
   
   
 
 
 Thailand 
 Malaysia",
Route 1,,,18th July 2009,TKST0001.gif,,"K 
 Holland 
 Germany 
 
 
 
 
   
 
 
   
   
   
 
 
 Poland 
 Lithuania 
 Latvia 
 
 
 
 
   
 
 
   
   
   
 
 
 Estonia 
 Russia 
 Kazakhstan 
 
 
 
 
   
 
 
   
 
   
   
 
 
 Kyrgyzstan 
 Tajikistan 
 Uzbebistan","Turkmenistan 
 Iran 
 Pakistan 
 
 
   
 
 
 
 
   
   
   
 
 
 China 
 Laos 
 Cambodia 
 
 
   
   
   
 
 
   
   
   
 
 
 Thailand 
 Malaysia 
 Singapore 
 
 
   
 
 
 
 
   
   
   
 
 
 Indonesia 
 Australia",
Route 1,,,1st August 2009,IRAN0001.gif,,"K 
 Holland 
 Germany 
 
 
 
 
   
 
 
   
   
   
 
 
 Poland 
 Lithuania 
 Latvia 
 
 
 
 
   
 
 
   
   
   
 
 
 Estonia 
 Russia 
 Kazakhstan 
 
 
 
 
   
 
 
   
 
   
   
 
 
 Kyrgyzstan 
 Tajikistan 
 Uzbebistan","Turkmenistan 
 Iran 
 Pakistan 
 
 
   
 
 
 
 
   
   
   
 
 
 China 
 Laos 
 Cambodia 
 
 
   
   
   
 
 
   
   
   
 
 
 Thailand 
 Malaysia 
 Singapore 
 
 
   
 
 
 
 
   
   
   
 
 
 Indonesia 
 Australia",
Route 1,,,22nd August 2009,PAKS0001.gif,,"K 
 Holland 
 Germany 
 
 
 
 
   
 
 
   
   
   
 
 
 Poland 
 Lithuania 
 Latvia 
 
 
 
 
   
 
 
   
   
   
 
 
 Estonia 
 Russia 
 Kazakhstan 
 
 
 
 
   
 
 
   
 
   
   
 
 
 Kyrgyzstan 
 Tajikistan 
 Uzbebistan","Turkmenistan 
 Iran 
 Pakistan 
 
 
   
 
 
 
 
   
   
   
 
 
 China 
 Laos 
 Cambodia 
 
 
   
   
   
 
 
   
   
   
 
 
 Thailand 
 Malaysia 
 Singapore 
 
 
   
 
 
 
 
   
   
   
 
 
 Indonesia 
 Australia",
Route 1,,,1st September 2009,CHIN0001.gif,,"Lithuania 
 Latvia 
 
 
 
 
   
 
 
   
   
   
 
 
 Estonia 
 Russia 
 Kazakhstan 
 
 
 
 
   
 
 
   
 
   
   
 
 
 Kyrgyzstan 
 Tajikistan 
 Uzbebistan 
 
 
   
 
 
 
 
   
   
   
 
 
 Turkmenistan 
 Iran 
 Pakistan","China 
 Laos 
 Cambodia 
 
 
   
   
   
 
 
   
   
   
 
 
 Thailand 
 Malaysia 
 Singapore 
 
 
   
 
 
 
 
   
   
   
 
 
 Indonesia 
 Australia",
Route 1,,,14th October 2009,LAOS0001.gif,,"Lithuania 
 Latvia 
 
 
 
 
   
 
 
   
   
   
 
 
 Estonia 
 Russia 
 Kazakhstan 
 
 
 
 
   
 
 
   
 
   
   
 
 
 Kyrgyzstan 
 Tajikistan 
 Uzbebistan 
 
 
   
 
 
 
 
   
   
   
 
 
 Turkmenistan 
 Iran 
 Pakistan","China 
 Laos 
 Cambodia 
 
 
   
   
   
 
 
   
   
   
 
 
 Thailand 
 Malaysia 
 Singapore 
 
 
   
 
 
 
 
   
   
   
 
 
 Indonesia 
 Australia",
Route 1,,,5th November 2009,CAMB0001.gif,,"Lithuania 
 Latvia 
 
 
 
 
   
 
 
   
   
   
 
 
 Estonia 
 Russia 
 Kazakhstan 
 
 
 
 
   
 
 
   
 
   
   
 
 
 Kyrgyzstan 
 Tajikistan 
 Uzbebistan 
 
 
   
 
 
 
 
   
   
   
 
 
 Turkmenistan 
 Iran 
 Pakistan","China 
 Laos 
 Cambodia 
 
 
   
   
   
 
 
   
   
   
 
 
 Thailand 
 Malaysia 
 Singapore 
 
 
   
 
 
 
 
   
   
   
 
 
 Indonesia 
 Australia",
Route 1,,,5th December 2009,THAL0001.gif,,"ia 
 Russia 
 Kazakhstan 
 
 
 
 
   
 
 
   
 
   
   
 
 
 Kyrgyzstan 
 Tajikistan 
 Uzbebistan 
 
 
   
 
 
 
 
   
   
   
 
 
 Turkmenistan 
 Iran 
 Pakistan 
 
 
   
 
 
 
 
   
   
   
 
 
 China 
 Laos 
 Cambodia","Thailand 
 Malaysia 
 Singapore 
 
 
   
 
 
 
 
   
   
   
 
 
 Indonesia 
 Australia",
Route 1,,,16th January 2010,MALS0001.gif,,"ia 
 Russia 
 Kazakhstan 
 
 
 
 
   
 
 
   
 
   
   
 
 
 Kyrgyzstan 
 Tajikistan 
 Uzbebistan 
 
 
   
 
 
 
 
   
   
   
 
 
 Turkmenistan 
 Iran 
 Pakistan 
 
 
   
 
 
 
 
   
   
   
 
 
 China 
 Laos 
 Cambodia","Thailand 
 Malaysia 
 Singapore 
 
 
   
 
 
 
 
   
   
   
 
 
 Indonesia 
 Australia",
Route 1,,,30th January 2010,SING0001.gif,,"ia 
 Russia 
 Kazakhstan 
 
 
 
 
   
 
 
   
 
   
   
 
 
 Kyrgyzstan 
 Tajikistan 
 Uzbebistan 
 
 
   
 
 
 
 
   
   
   
 
 
 Turkmenistan 
 Iran 
 Pakistan 
 
 
   
 
 
 
 
   
   
   
 
 
 China 
 Laos 
 Cambodia","Thailand 
 Malaysia 
 Singapore 
 
 
   
 
 
 
 
   
   
   
 
 
 Indonesia 
 Australia",
Route 1,,,6th February 2010,INDN0001.gif,,"n 
 Tajikistan 
 Uzbebistan 
 
 
   
 
 
 
 
   
   
   
 
 
 Turkmenistan 
 Iran 
 Pakistan 
 
 
   
 
 
 
 
   
   
   
 
 
 China 
 Laos 
 Cambodia 
 
 
   
   
   
 
 
   
   
   
 
 
 Thailand 
 Malaysia 
 Singapore","Indonesia 
 Australia",
Route 1,,,6th March 2010,ASTL0001.gif,,"n 
 Tajikistan 
 Uzbebistan 
 
 
   
 
 
 
 
   
   
   
 
 
 Turkmenistan 
 Iran 
 Pakistan 
 
 
   
 
 
 
 
   
   
   
 
 
 China 
 Laos 
 Cambodia 
 
 
   
   
   
 
 
   
   
   
 
 
 Thailand 
 Malaysia 
 Singapore","Indonesia 
 Australia",
Route,,The Route,Route Map,Route Map.gif,,"like Iran, China and Russia involved we are going
 to have to take into consideration any current political situation.
 The favorite at the moment is roughly Russia, Central Asia, India,
 China and down from there to Oz.","Last
 Updated 
 
 October 22, 2006",
Landy Guide Back,,Go on - click it!,Dino from the rear,back_view.jpg,,,,
Landy Guide Front,,Go on - click it!,Dino front,front_view.jpg,,,,
Vehicle,,,Jenny in Back of Dino,Jenny in Back of Dino.jpg,,"nly taken him out for a couple of test spins, so are slowly
 getting used to driving him. He comes fully loaded with goodies,
 which we are now slowly documenting.  
 
  Dino 
 in the New Forest- showing all his
 wares !","Last
 Updated 
 
 October 22, 2006",
blogfile,,,Fred and Wilma-750860,Fred_and_Wilma-750860.jpg,,"ny and Ollie's Blog
 
 
 


 
 Follow Jenny and Ollie as they plan their RTW trip in a Land Rover. Well thats the plan at the moment .... 
 


 
 


 
 

 

 
 Sunday, July 09, 2006 
 
 
 
 
 
 
 
 
 

 What's in a Name?","Why Dino? We have been asked a few times now, why Dino? Well, we were looking for a name that reflected his character and age. We also owned two cats, called Fred and Wilma. It seemed to make sense that we added to out F",
